symbol,date,open,high,low,close,volume
TS主连,2018-08-17,99.4,99.405,99.075,99.16,8559
TS主连,2018-08-20,99.1,99.26,99.1,99.215,1865
TS主连,2018-08-21,99.185,99.235,99.12,99.185,1339
TS主连,2018-08-22,99.235,99.29,99.19,99.2,1225
TS主连,2018-08-23,99.28,99.28,99.225,99.275,819
TS主连,2018-08-24,99.305,99.38,99.29,99.31,464
TS主连,2018-08-27,99.27,99.3,99.205,99.27,671
TS主连,2018-08-28,99.215,99.315,99.185,99.275,574
TS主连,2018-08-29,99.27,99.32,99.225,99.31,210
TS主连,2018-08-30,99.335,99.435,99.3,99.365,533
TS主连,2018-08-31,99.36,99.4,99.315,99.375,239
TS主连,2018-09-03,99.35,99.365,99.31,99.33,108
TS主连,2018-09-04,99.315,99.315,99.265,99.28,90
TS主连,2018-09-05,99.29,99.315,99.275,99.275,109
TS主连,2018-09-06,99.29,99.305,99.265,99.27,204
TS主连,2018-09-07,99.26,99.28,99.245,99.255,360
TS主连,2018-09-10,99.25,99.275,99.22,99.25,393
TS主连,2018-09-11,99.26,99.265,99.205,99.24,383
TS主连,2018-09-12,99.25,99.255,99.22,99.24,365
TS主连,2018-09-13,99.225,99.31,99.22,99.27,267
TS主连,2018-09-14,99.295,99.305,99.275,99.3,129
TS主连,2018-09-17,99.405,99.405,99.325,99.345,163
TS主连,2018-09-18,99.385,99.385,99.335,99.34,126
TS主连,2018-09-19,99.35,99.375,99.31,99.31,262
TS主连,2018-09-20,99.27,99.3,99.25,99.275,163
TS主连,2018-09-21,99.27,99.32,99.27,99.32,140
TS主连,2018-09-25,99.305,99.33,99.28,99.295,136
TS主连,2018-09-26,99.28,99.345,99.275,99.34,168
TS主连,2018-09-27,99.38,99.4,99.345,99.395,205
TS主连,2018-09-28,99.45,99.45,99.36,99.39,191
TS主连,2018-10-08,99.38,99.405,99.32,99.385,162
TS主连,2018-10-09,99.385,99.505,99.385,99.45,271
TS主连,2018-10-10,99.48,99.48,99.43,99.45,195
TS主连,2018-10-11,99.54,99.55,99.485,99.515,208
TS主连,2018-10-12,99.505,99.53,99.495,99.525,119
TS主连,2018-10-15,99.52,99.525,99.505,99.51,63
TS主连,2018-10-16,99.495,99.535,99.475,99.535,280
TS主连,2018-10-17,99.52,99.545,99.51,99.52,90
TS主连,2018-10-18,99.535,99.56,99.525,99.535,97
TS主连,2018-10-19,99.525,99.56,99.47,99.49,277
TS主连,2018-10-22,99.45,99.46,99.43,99.44,172
TS主连,2018-10-23,99.41,99.49,99.41,99.485,153
TS主连,2018-10-24,99.47,99.51,99.47,99.505,73
TS主连,2018-10-25,99.55,99.6,99.52,99.53,114
TS主连,2018-10-26,99.515,99.54,99.505,99.53,57
TS主连,2018-10-29,99.55,99.625,99.53,99.615,179
TS主连,2018-10-30,99.65,99.65,99.565,99.61,249
TS主连,2018-10-31,99.595,99.635,99.575,99.635,204
TS主连,2018-11-01,99.63,99.655,99.6,99.64,315
TS主连,2018-11-02,99.595,99.645,99.555,99.61,428
TS主连,2018-11-05,99.57,99.665,99.57,99.655,566
TS主连,2018-11-06,99.65,99.78,99.64,99.78,729
TS主连,2018-11-07,99.755,99.9,99.715,99.885,656
TS主连,2018-11-08,99.83,99.96,99.83,99.945,445
TS主连,2018-11-09,99.935,99.97,99.89,99.9,282
TS主连,2018-11-12,99.92,99.92,99.88,99.9,231
TS主连,2018-11-13,99.95,99.95,99.88,99.885,53
TS主连,2018-11-14,99.945,100.095,99.93,100.05,254
TS主连,2018-11-15,100.05,100.1,100.05,100.055,85
TS主连,2018-11-16,100.06,100.1,100.005,100.075,100
TS主连,2018-11-19,100.06,100.08,100.02,100.025,110
TS主连,2018-11-20,100.045,100.09,100.03,100.035,69
TS主连,2018-11-21,100.105,100.14,100.035,100.04,58
TS主连,2018-11-22,100.05,100.065,99.97,99.975,242
TS主连,2018-11-23,100.0,100.025,99.96,99.975,116
TS主连,2018-11-26,99.995,100.015,99.925,99.96,188
TS主连,2018-11-27,99.95,100.0,99.93,99.985,134
TS主连,2018-11-28,99.99,100.0,99.94,99.99,60
TS主连,2018-11-29,100.0,100.035,99.965,100.02,93
TS主连,2018-11-30,100.025,100.05,99.95,99.965,326
TS主连,2018-12-03,99.72,100.0,99.72,99.96,260
TS主连,2018-12-04,99.96,100.065,99.96,100.06,174
TS主连,2018-12-05,100.145,100.15,100.055,100.065,375
TS主连,2018-12-06,100.06,100.11,100.05,100.095,98
TS主连,2018-12-07,100.09,100.12,100.06,100.12,64
TS主连,2018-12-10,100.125,100.165,100.11,100.135,111
TS主连,2018-12-11,100.11,100.14,100.1,100.105,147
TS主连,2018-12-12,100.125,100.15,100.085,100.115,70
TS主连,2018-12-13,100.125,100.13,100.03,100.04,134
TS主连,2018-12-14,100.03,100.065,100.0,100.025,92
TS主连,2018-12-17,100.01,100.03,99.985,100.01,255
TS主连,2018-12-18,99.975,100.02,99.975,100.015,56
TS主连,2018-12-19,100.035,100.05,99.99,100.02,71
TS主连,2018-12-20,100.055,100.12,100.055,100.11,85
TS主连,2018-12-21,100.075,100.125,100.06,100.07,82
TS主连,2018-12-24,100.125,100.125,100.08,100.105,97
TS主连,2018-12-25,100.1,100.15,100.085,100.11,103
TS主连,2018-12-26,100.085,100.165,100.07,100.165,94
TS主连,2018-12-27,100.16,100.17,100.09,100.17,115
TS主连,2018-12-28,100.155,100.41,100.15,100.25,109
TS主连,2019-01-02,100.25,100.335,100.25,100.33,144
TS主连,2019-01-03,100.34,100.34,100.29,100.34,123
TS主连,2019-01-04,100.39,100.4,100.325,100.34,134
TS主连,2019-01-07,100.34,100.35,100.3,100.335,98
TS主连,2019-01-08,100.335,100.44,100.325,100.425,183
TS主连,2019-01-09,100.43,100.435,100.36,100.4,115
TS主连,2019-01-10,100.41,100.445,100.38,100.415,206
TS主连,2019-01-11,100.355,100.435,100.24,100.435,83
TS主连,2019-01-14,100.415,100.46,100.35,100.45,188
TS主连,2019-01-15,100.43,100.47,100.4,100.46,172
TS主连,2019-01-16,100.455,100.605,100.435,100.605,190
TS主连,2019-01-17,100.59,100.69,100.55,100.655,315
TS主连,2019-01-18,100.66,100.68,100.59,100.605,146
TS主连,2019-01-21,100.55,100.565,100.515,100.545,84
TS主连,2019-01-22,100.53,100.635,100.51,100.6,104
TS主连,2019-01-23,100.595,100.625,100.54,100.6,97
TS主连,2019-01-24,100.555,100.59,100.435,100.445,279
TS主连,2019-01-25,100.405,100.445,100.38,100.4,78
TS主连,2019-01-28,100.385,100.405,100.34,100.405,17
TS主连,2019-01-29,100.43,100.45,100.41,100.44,76
TS主连,2019-01-30,100.485,100.485,100.27,100.38,277
TS主连,2019-01-31,100.255,100.41,100.255,100.39,31
TS主连,2019-02-01,100.405,100.41,100.34,100.34,11
TS主连,2019-02-11,100.23,100.53,100.23,100.505,63
TS主连,2019-02-12,100.5,100.52,100.455,100.505,8
TS主连,2019-02-13,100.515,100.53,100.5,100.505,32
TS主连,2019-02-14,100.27,100.51,100.27,100.475,41
TS主连,2019-02-15,100.46,100.53,100.46,100.5,33
TS主连,2019-02-18,100.49,100.525,100.44,100.485,52
TS主连,2019-02-19,100.445,100.525,100.435,100.525,35
TS主连,2019-02-20,100.54,100.555,100.54,100.55,41
TS主连,2019-02-21,100.53,100.535,100.5,100.52,59
TS主连,2019-02-22,100.5,100.54,100.5,100.52,56
TS主连,2019-02-25,100.435,100.45,100.415,100.45,9
TS主连,2019-02-26,100.46,100.615,100.46,100.605,68
TS主连,2019-02-27,100.51,100.85,100.495,100.73,95
TS主连,2019-02-28,101.0,101.0,101.0,101.0,1
TS主连,2019-03-01,100.28,100.325,100.265,100.31,12
TS主连,2019-03-04,100.22,100.325,100.22,100.325,19
TS主连,2019-03-05,100.335,100.335,100.31,100.31,12
TS主连,2019-03-06,100.31,100.31,100.21,100.27,34
TS主连,2019-03-07,100.27,100.3,100.27,100.295,65
TS主连,2019-03-08,100.345,100.37,100.32,100.34,15
TS主连,2019-03-11,100.355,100.355,100.3,100.3,23
TS主连,2019-03-12,100.3,100.3,100.275,100.285,9
TS主连,2019-03-13,100.29,100.29,100.26,100.27,32
TS主连,2019-03-14,100.265,100.265,100.23,100.24,12
TS主连,2019-03-15,100.22,100.22,100.18,100.2,38
TS主连,2019-03-18,100.18,100.18,100.15,100.155,43
TS主连,2019-03-19,100.16,100.175,100.15,100.155,8
TS主连,2019-03-20,100.145,100.145,99.915,100.08,220
TS主连,2019-03-21,100.115,100.155,100.11,100.155,32
TS主连,2019-03-22,100.16,100.19,100.16,100.19,3
TS主连,2019-03-25,100.215,100.285,100.205,100.27,8
TS主连,2019-03-26,100.325,100.325,100.245,100.28,27
TS主连,2019-03-27,100.26,100.295,100.255,100.295,8
TS主连,2019-03-28,100.3,100.32,100.3,100.305,56
TS主连,2019-03-29,100.315,100.315,100.285,100.315,97
TS主连,2019-04-01,100.28,100.33,100.24,100.265,66
TS主连,2019-04-02,100.25,100.29,100.25,100.29,52
TS主连,2019-04-03,100.31,100.31,100.155,100.16,166
TS主连,2019-04-04,100.16,100.165,100.035,100.035,196
TS主连,2019-04-08,100.03,100.09,100.03,100.055,98
TS主连,2019-04-09,100.045,100.045,99.965,99.965,69
TS主连,2019-04-10,99.97,99.98,99.9,99.97,57
TS主连,2019-04-11,99.99,100.035,99.99,99.995,51
TS主连,2019-04-12,99.985,99.99,99.98,99.98,6
TS主连,2019-04-15,99.855,99.885,99.79,99.885,36
TS主连,2019-04-16,99.89,99.9,99.85,99.85,31
TS主连,2019-04-17,99.845,99.88,99.75,99.88,75
TS主连,2019-04-18,99.855,99.87,99.84,99.865,45
TS主连,2019-04-19,99.875,99.9,99.875,99.89,24
TS主连,2019-04-22,99.84,99.855,99.84,99.845,26
TS主连,2019-04-23,99.785,99.845,99.785,99.84,20
TS主连,2019-04-24,100.01,100.01,99.795,99.795,9
TS主连,2019-04-25,99.815,99.89,99.815,99.84,19
TS主连,2019-04-26,99.825,99.85,99.815,99.815,7
TS主连,2019-04-29,99.795,99.845,99.795,99.8,54
TS主连,2019-04-30,99.8,99.89,99.8,99.86,89
TS主连,2019-05-06,99.955,100.05,99.955,100.025,115
TS主连,2019-05-07,99.98,100.045,99.98,100.03,81
TS主连,2019-05-08,100.02,100.04,100.0,100.015,54
TS主连,2019-05-09,100.035,100.05,100.03,100.03,48
TS主连,2019-05-10,100.06,100.07,100.03,100.03,22
TS主连,2019-05-13,100.155,100.16,100.11,100.11,0
TS主连,2019-05-14,100.865,100.865,100.865,100.865,0
TS主连,2019-05-15,100.865,100.865,100.865,100.865,0
TS主连,2019-05-16,99.81,99.815,99.67,99.67,95
TS主连,2019-05-17,100.035,100.075,100.035,100.07,247
TS主连,2019-05-20,100.075,100.1,100.06,100.07,224
TS主连,2019-05-21,100.065,100.07,100.055,100.06,136
TS主连,2019-05-22,99.785,99.785,99.76,99.76,234
TS主连,2019-05-23,99.75,99.775,99.75,99.765,412
TS主连,2019-05-24,99.875,99.9,99.87,99.89,292
TS主连,2019-05-27,99.9,99.9,99.745,99.75,1260
TS主连,2019-05-28,99.675,99.85,99.675,99.845,554
TS主连,2019-05-29,99.885,99.935,99.885,99.93,475
TS主连,2019-05-30,99.885,99.91,99.885,99.9,322
TS主连,2019-05-31,100.24,100.24,100.19,100.19,4
TS主连,2019-06-03,99.595,99.72,99.595,99.72,657
TS主连,2019-06-04,99.76,99.77,99.74,99.77,536
TS主连,2019-06-05,99.785,99.82,99.785,99.82,51
TS主连,2019-06-06,100.05,100.075,100.045,100.045,315
TS主连,2019-06-10,100.04,100.065,100.02,100.06,248
TS主连,2019-06-11,100.02,100.04,99.99,100.005,683
TS主连,2019-06-12,100.0,100.04,100.0,100.03,342
TS主连,2019-06-13,100.01,100.055,100.01,100.035,553
TS主连,2019-06-14,100.045,100.105,100.025,100.1,531
TS主连,2019-06-17,100.13,100.145,100.08,100.105,306
TS主连,2019-06-18,100.13,100.13,100.07,100.075,332
TS主连,2019-06-19,100.085,100.09,100.065,100.065,126
TS主连,2019-06-20,100.11,100.155,100.09,100.09,234
TS主连,2019-06-21,100.2,100.2,100.115,100.12,239
TS主连,2019-06-24,100.1,100.105,100.085,100.095,312
TS主连,2019-06-25,100.08,100.145,100.08,100.1,352
TS主连,2019-06-26,100.09,100.095,100.075,100.075,317
TS主连,2019-06-27,100.09,100.105,100.065,100.07,554
TS主连,2019-06-28,100.08,100.145,100.08,100.125,629
TS主连,2019-07-01,100.1,100.13,100.08,100.12,482
TS主连,2019-07-02,100.13,100.2,100.125,100.2,621
TS主连,2019-07-03,100.225,100.24,100.195,100.215,393
TS主连,2019-07-04,100.19,100.235,100.19,100.225,571
TS主连,2019-07-05,100.215,100.22,100.19,100.195,405
TS主连,2019-07-08,100.175,100.195,100.15,100.155,616
TS主连,2019-07-09,100.17,100.175,100.16,100.17,1643
TS主连,2019-07-10,100.175,100.175,100.165,100.17,2311
TS主连,2019-07-11,100.18,100.21,100.18,100.2,4128
TS主连,2019-07-12,100.195,100.215,100.19,100.21,2142
TS主连,2019-07-15,100.215,100.235,100.175,100.175,2149
TS主连,2019-07-16,100.175,100.195,100.165,100.175,2932
TS主连,2019-07-17,100.185,100.195,100.18,100.19,1826
TS主连,2019-07-18,100.185,100.23,100.185,100.225,1432
TS主连,2019-07-19,100.235,100.235,100.2,100.21,2268
TS主连,2019-07-22,100.2,100.245,100.2,100.24,1864
TS主连,2019-07-23,100.255,100.295,100.23,100.24,2006
TS主连,2019-07-24,100.225,100.225,100.195,100.2,2306
TS主连,2019-07-25,100.205,100.22,100.205,100.205,1605
TS主连,2019-07-26,100.21,100.225,100.21,100.225,1716
TS主连,2019-07-29,100.22,100.225,100.195,100.2,3845
TS主连,2019-07-30,100.205,100.205,100.19,100.195,5451
TS主连,2019-07-31,100.21,100.25,100.21,100.25,7192
TS主连,2019-08-01,100.25,100.25,100.235,100.245,3508
TS主连,2019-08-02,100.29,100.325,100.285,100.325,3779
TS主连,2019-08-05,100.325,100.43,100.315,100.43,9656
TS主连,2019-08-06,100.46,100.47,100.425,100.425,3944
TS主连,2019-08-07,100.435,100.445,100.425,100.44,3808
TS主连,2019-08-08,100.43,100.455,100.42,100.455,6619
TS主连,2019-08-09,100.46,100.485,100.46,100.485,4772
TS主连,2019-08-12,100.46,100.48,100.44,100.445,5425
TS主连,2019-08-13,100.5,100.5,100.46,100.46,3423
TS主连,2019-08-14,100.44,100.475,100.43,100.44,5013
TS主连,2019-08-15,100.46,100.485,100.395,100.41,7403
TS主连,2019-08-16,100.4,100.41,100.35,100.355,3997
TS主连,2019-08-19,100.355,100.38,100.35,100.38,751
TS主连,2019-08-20,100.25,100.275,100.25,100.265,5540
TS主连,2019-08-21,100.25,100.255,100.22,100.225,7513
TS主连,2019-08-22,100.22,100.265,100.22,100.26,8340
TS主连,2019-08-23,100.25,100.285,100.245,100.275,9543
TS主连,2019-08-26,100.31,100.38,100.3,100.315,6407
TS主连,2019-08-27,100.31,100.33,100.305,100.32,12145
TS主连,2019-08-28,100.33,100.345,100.31,100.31,10029
TS主连,2019-08-29,100.305,100.415,100.28,100.345,17013
TS主连,2019-08-30,100.325,100.335,100.275,100.285,21798
TS主连,2019-09-02,100.295,100.305,100.26,100.275,19411
TS主连,2019-09-03,100.265,100.3,100.26,100.26,12278
TS主连,2019-09-04,100.28,100.305,100.27,100.295,9989
TS主连,2019-09-05,100.36,100.39,100.345,100.36,8250
TS主连,2019-09-06,100.36,100.39,100.345,100.38,9927
TS主连,2019-09-09,100.36,100.37,100.35,100.365,10444
TS主连,2019-09-10,100.35,100.355,100.33,100.34,7866
TS主连,2019-09-11,100.33,100.34,100.32,100.33,8096
TS主连,2019-09-12,100.295,100.315,100.27,100.275,10478
TS主连,2019-09-16,100.215,100.305,100.215,100.295,12956
TS主连,2019-09-17,100.35,100.355,100.255,100.255,12900
TS主连,2019-09-18,100.265,100.295,100.245,100.245,11532
TS主连,2019-09-19,100.26,100.29,100.26,100.28,12952
TS主连,2019-09-20,100.29,100.3,100.27,100.285,9225
TS主连,2019-09-23,100.275,100.31,100.275,100.29,10199
TS主连,2019-09-24,100.3,100.33,100.28,100.28,12578
TS主连,2019-09-25,100.295,100.305,100.28,100.3,10878
TS主连,2019-09-26,100.295,100.3,100.255,100.255,15371
TS主连,2019-09-27,100.265,100.28,100.22,100.22,6960
TS主连,2019-09-30,100.225,100.26,100.215,100.255,7506
TS主连,2019-10-08,100.28,100.315,100.265,100.315,14355
TS主连,2019-10-09,100.32,100.345,100.295,100.305,16098
TS主连,2019-10-10,100.305,100.305,100.275,100.28,11438
TS主连,2019-10-11,100.255,100.255,100.215,100.24,18087
TS主连,2019-10-14,100.205,100.25,100.18,100.245,22266
TS主连,2019-10-15,100.24,100.28,100.23,100.26,33453
TS主连,2019-10-16,100.27,100.285,100.25,100.25,20613
TS主连,2019-10-17,100.25,100.29,100.25,100.285,20737
TS主连,2019-10-18,100.285,100.285,100.235,100.24,23856
TS主连,2019-10-21,100.24,100.24,100.18,100.19,18000
TS主连,2019-10-22,100.16,100.19,100.155,100.16,16289
TS主连,2019-10-23,100.17,100.19,100.155,100.185,18456
TS主连,2019-10-24,100.18,100.195,100.175,100.195,12132
TS主连,2019-10-25,100.19,100.205,100.175,100.18,20490
TS主连,2019-10-28,100.155,100.16,100.09,100.105,25013
TS主连,2019-10-29,100.1,100.12,100.07,100.075,29981
TS主连,2019-10-30,100.075,100.09,99.915,99.96,23297
TS主连,2019-10-31,100.005,100.095,99.975,100.095,17366
TS主连,2019-11-01,100.115,100.16,100.09,100.15,15844
TS主连,2019-11-04,100.12,100.155,100.105,100.15,17080
TS主连,2019-11-05,100.12,100.27,100.12,100.26,19319
TS主连,2019-11-06,100.255,100.265,100.205,100.22,15044
TS主连,2019-11-07,100.22,100.23,100.195,100.215,19384
TS主连,2019-11-08,100.175,100.255,100.175,100.25,27784
TS主连,2019-11-11,100.24,100.31,100.235,100.31,18832
TS主连,2019-11-12,100.315,100.32,100.26,100.26,3435
TS主连,2019-11-13,100.13,100.14,100.11,100.125,23835
TS主连,2019-11-14,100.125,100.145,100.105,100.115,24568
TS主连,2019-11-15,100.115,100.16,100.115,100.135,28022
TS主连,2019-11-18,100.135,100.25,100.135,100.24,23101
TS主连,2019-11-19,100.255,100.31,100.255,100.285,34715
TS主连,2019-11-20,100.3,100.315,100.27,100.305,30055
TS主连,2019-11-21,100.31,100.345,100.3,100.325,24708
TS主连,2019-11-22,100.35,100.395,100.25,100.315,27848
TS主连,2019-11-25,100.3,100.305,100.26,100.26,26570
TS主连,2019-11-26,100.26,100.285,100.245,100.285,28627
TS主连,2019-11-27,100.285,100.3,100.265,100.28,28832
TS主连,2019-11-28,100.285,100.285,100.27,100.275,22849
TS主连,2019-11-29,100.275,100.295,100.26,100.285,24559
TS主连,2019-12-02,100.215,100.25,99.78,100.195,25937
TS主连,2019-12-03,100.205,100.23,100.2,100.225,27916
TS主连,2019-12-04,100.28,100.285,100.24,100.26,35695
TS主连,2019-12-05,100.245,100.28,100.24,100.275,13237
TS主连,2019-12-06,100.27,100.275,100.22,100.235,16926
TS主连,2019-12-09,100.225,100.225,100.2,100.215,38899
TS主连,2019-12-10,100.225,100.26,100.22,100.25,16943
TS主连,2019-12-11,100.24,100.265,100.23,100.255,22406
TS主连,2019-12-12,100.25,100.27,100.245,100.265,18171
TS主连,2019-12-13,100.21,100.25,100.21,100.23,26259
TS主连,2019-12-16,100.235,100.25,100.215,100.22,25377
TS主连,2019-12-17,100.21,100.21,100.17,100.175,19249
TS主连,2019-12-18,100.165,100.195,100.16,100.165,19467
TS主连,2019-12-19,100.17,100.19,100.17,100.185,33474
TS主连,2019-12-20,100.19,100.295,100.19,100.295,20111
TS主连,2019-12-23,100.285,100.345,100.275,100.345,28283
TS主连,2019-12-24,100.36,100.385,100.33,100.34,21460
TS主连,2019-12-25,100.345,100.38,100.335,100.38,25002
TS主连,2019-12-26,100.38,100.45,100.38,100.43,23725
TS主连,2019-12-27,100.42,100.43,100.4,100.4,20349
TS主连,2019-12-30,100.39,100.42,100.38,100.42,18764
TS主连,2019-12-31,100.41,100.44,100.4,100.42,21395
TS主连,2020-01-02,100.4,100.42,100.365,100.37,17141
TS主连,2020-01-03,100.265,100.395,100.265,100.325,20543
TS主连,2020-01-06,100.3,100.36,100.3,100.345,14755
TS主连,2020-01-07,100.32,100.36,100.31,100.34,19610
TS主连,2020-01-08,100.36,100.385,100.33,100.37,13762
TS主连,2020-01-09,100.355,100.45,100.33,100.415,15213
TS主连,2020-01-10,100.405,100.525,100.405,100.52,13712
TS主连,2020-01-13,100.515,100.535,100.49,100.5,9863
TS主连,2020-01-14,100.49,100.49,100.44,100.45,17294
TS主连,2020-01-15,100.47,100.49,100.425,100.47,16514
TS主连,2020-01-16,100.46,100.5,100.44,100.46,19858
TS主连,2020-01-17,100.46,100.545,100.46,100.545,16173
TS主连,2020-01-20,100.535,100.655,100.535,100.655,14579
TS主连,2020-01-21,100.69,100.69,100.64,100.68,23642
TS主连,2020-01-22,100.72,100.735,100.625,100.645,12161
TS主连,2020-01-23,100.695,100.73,100.64,100.73,11854
TS主连,2020-02-03,101.01,101.13,100.89,100.94,6688
TS主连,2020-02-04,100.93,100.98,100.92,100.95,10821
TS主连,2020-02-05,100.905,101.03,100.9,100.995,13512
TS主连,2020-02-06,101.0,101.05,100.995,101.025,13416
TS主连,2020-02-07,101.03,101.13,101.03,101.12,15928
TS主连,2020-02-10,101.14,101.16,101.115,101.125,11973
TS主连,2020-02-11,101.12,101.12,101.02,101.055,12218
TS主连,2020-02-12,101.05,101.095,101.025,101.065,12024
TS主连,2020-02-13,101.075,101.155,101.07,101.12,10593
TS主连,2020-02-14,101.14,101.14,101.01,101.03,14960
TS主连,2020-02-17,101.035,101.115,101.03,101.045,14318
TS主连,2020-02-18,101.06,101.155,101.055,101.145,11384
TS主连,2020-02-19,101.14,101.17,101.1,101.125,3759
TS主连,2020-02-20,100.835,100.84,100.745,100.765,10444
TS主连,2020-02-21,100.78,100.845,100.77,100.81,7892
TS主连,2020-02-24,100.865,100.935,100.84,100.925,9707
TS主连,2020-02-25,100.945,100.985,100.92,100.925,9579
TS主连,2020-02-26,100.935,100.98,100.87,100.89,9042
TS主连,2020-02-27,100.91,100.975,100.89,100.965,9503
TS主连,2020-02-28,101.015,101.085,101.01,101.055,10826
TS主连,2020-03-02,101.075,101.075,101.0,101.01,11040
TS主连,2020-03-03,100.99,101.025,100.93,100.995,9149
TS主连,2020-03-04,101.01,101.135,101.01,101.1,10660
TS主连,2020-03-05,101.075,101.105,101.065,101.095,13129
TS主连,2020-03-06,101.11,101.185,101.11,101.18,11202
TS主连,2020-03-09,101.305,101.39,101.225,101.245,6894
TS主连,2020-03-10,101.235,101.235,101.02,101.04,15182
TS主连,2020-03-11,101.01,101.14,101.005,101.135,12484
TS主连,2020-03-12,101.14,101.195,101.1,101.105,11279
TS主连,2020-03-13,101.12,101.16,101.02,101.08,9882
TS主连,2020-03-16,101.125,101.17,101.025,101.065,8673
TS主连,2020-03-17,101.06,101.06,100.99,101.005,10809
TS主连,2020-03-18,100.99,101.135,100.97,101.1,10969
TS主连,2020-03-19,101.09,101.135,101.04,101.065,9059
TS主连,2020-03-20,101.07,101.225,101.065,101.18,14861
TS主连,2020-03-23,101.195,101.33,101.195,101.31,8243
TS主连,2020-03-24,101.3,101.455,101.28,101.38,10945
TS主连,2020-03-25,101.37,101.535,101.32,101.5,12926
TS主连,2020-03-26,101.515,101.59,101.515,101.55,9046
TS主连,2020-03-27,101.585,101.585,101.435,101.515,9013
TS主连,2020-03-30,101.505,101.725,101.46,101.63,12377
TS主连,2020-03-31,101.615,101.745,101.58,101.73,10483
TS主连,2020-04-01,101.74,101.845,101.645,101.685,10066
TS主连,2020-04-02,101.69,101.705,101.59,101.62,7204
TS主连,2020-04-03,101.58,101.695,101.58,101.595,5633
TS主连,2020-04-07,101.81,102.11,101.8,102.11,6498
TS主连,2020-04-08,102.225,102.42,102.14,102.42,12585
TS主连,2020-04-09,102.45,102.465,102.19,102.315,8763
TS主连,2020-04-10,102.3,102.3,102.045,102.18,10814
TS主连,2020-04-13,102.16,102.16,102.05,102.12,9905
TS主连,2020-04-14,102.13,102.295,102.13,102.195,10169
TS主连,2020-04-15,102.28,102.36,102.245,102.32,5104
TS主连,2020-04-16,102.36,102.4,102.285,102.3,5651
TS主连,2020-04-17,102.3,102.34,102.26,102.315,5771
TS主连,2020-04-20,102.34,102.46,102.34,102.42,5815
TS主连,2020-04-21,102.43,102.665,102.415,102.66,10739
TS主连,2020-04-22,102.665,102.77,102.635,102.69,8489
TS主连,2020-04-23,102.695,102.86,102.59,102.645,10451
TS主连,2020-04-24,102.66,102.7,102.51,102.65,8199
TS主连,2020-04-27,102.555,102.67,102.555,102.665,3799
TS主连,2020-04-28,102.665,102.72,102.605,102.64,5303
TS主连,2020-04-29,102.615,102.805,102.615,102.78,6298
TS主连,2020-04-30,102.705,102.805,102.605,102.67,5971
TS主连,2020-05-06,102.655,102.725,102.535,102.56,3789
TS主连,2020-05-07,102.545,102.555,102.3,102.325,7864
TS主连,2020-05-08,102.385,102.485,102.26,102.43,7551
TS主连,2020-05-11,102.43,102.52,102.265,102.315,6968
TS主连,2020-05-12,102.4,102.435,102.315,102.32,4786
TS主连,2020-05-13,102.345,102.44,102.325,102.37,4831
TS主连,2020-05-14,102.37,102.47,102.3,102.385,4948
TS主连,2020-05-15,102.37,102.515,102.37,102.445,3382
TS主连,2020-05-18,102.12,102.135,101.955,101.96,6588
TS主连,2020-05-19,101.855,102.0,101.745,101.875,8405
TS主连,2020-05-20,101.875,101.91,101.68,101.725,9909
TS主连,2020-05-21,101.735,101.82,101.67,101.75,7333
TS主连,2020-05-22,101.76,102.105,101.76,102.105,7150
TS主连,2020-05-25,102.015,102.055,101.725,101.745,5116
TS主连,2020-05-26,101.745,101.895,101.38,101.52,9457
TS主连,2020-05-27,101.52,101.61,101.3,101.365,8658
TS主连,2020-05-28,101.36,101.55,101.32,101.485,8492
TS主连,2020-05-29,101.46,101.555,101.44,101.485,5945
TS主连,2020-06-01,101.64,101.675,101.495,101.53,10506
TS主连,2020-06-02,101.46,101.525,101.195,101.22,15687
TS主连,2020-06-03,101.25,101.3,100.835,101.295,14448
TS主连,2020-06-04,101.245,101.35,101.065,101.075,11018
TS主连,2020-06-05,101.105,101.16,100.995,101.015,12714
TS主连,2020-06-08,101.03,101.23,100.965,101.225,10847
TS主连,2020-06-09,101.145,101.405,101.145,101.24,11160
TS主连,2020-06-10,101.26,101.345,101.09,101.15,9286
TS主连,2020-06-11,101.2,101.28,101.14,101.225,8959
TS主连,2020-06-12,101.325,101.375,101.23,101.285,10428
TS主连,2020-06-15,101.305,101.36,101.23,101.28,7137
TS主连,2020-06-16,101.175,101.26,101.125,101.13,6793
TS主连,2020-06-17,101.135,101.155,101.02,101.025,6640
TS主连,2020-06-18,101.175,101.26,100.98,101.08,8348
TS主连,2020-06-19,101.095,101.11,100.98,101.04,5867
TS主连,2020-06-22,101.045,101.08,100.935,100.94,5006
TS主连,2020-06-23,100.93,100.995,100.73,100.99,10808
TS主连,2020-06-24,101.0,101.2,101.0,101.2,8629
TS主连,2020-06-29,101.18,101.28,101.125,101.21,7622
TS主连,2020-06-30,101.1,101.23,101.1,101.22,5852
TS主连,2020-07-01,101.255,101.27,101.145,101.17,5662
TS主连,2020-07-02,101.11,101.225,101.11,101.215,5911
TS主连,2020-07-03,101.2,101.25,101.165,101.185,5706
TS主连,2020-07-06,101.115,101.17,100.79,100.8,10485
TS主连,2020-07-07,100.77,100.85,100.6,100.81,9344
TS主连,2020-07-08,100.81,100.835,100.615,100.67,10817
TS主连,2020-07-09,100.635,100.665,100.46,100.56,13053
TS主连,2020-07-10,100.58,100.75,100.565,100.635,9653
TS主连,2020-07-13,100.65,100.68,100.43,100.51,11687
TS主连,2020-07-14,100.62,100.695,100.565,100.605,2206
TS主连,2020-07-15,100.6,100.78,100.55,100.76,7987
TS主连,2020-07-16,100.755,100.825,100.715,100.805,7896
TS主连,2020-07-17,100.85,100.88,100.74,100.805,7276
TS主连,2020-07-20,100.8,100.87,100.74,100.805,5359
TS主连,2020-07-21,100.85,100.97,100.85,100.9,7751
TS主连,2020-07-22,100.885,100.98,100.805,100.97,6853
TS主连,2020-07-23,100.935,100.975,100.885,100.94,5435
TS主连,2020-07-24,100.925,101.03,100.9,100.965,6859
TS主连,2020-07-27,100.96,100.96,100.875,100.93,5924
TS主连,2020-07-28,100.9,100.905,100.84,100.865,5256
TS主连,2020-07-29,100.865,100.89,100.79,100.815,5954
TS主连,2020-07-30,100.785,100.83,100.775,100.815,5718
TS主连,2020-07-31,100.775,100.795,100.66,100.725,7668
TS主连,2020-08-03,100.59,100.795,100.59,100.755,5463
TS主连,2020-08-04,100.745,100.785,100.685,100.73,6043
TS主连,2020-08-05,100.735,100.8,100.6,100.615,6004
TS主连,2020-08-06,100.58,100.625,100.515,100.52,6947
TS主连,2020-08-07,100.52,100.6,100.505,100.545,6860
TS主连,2020-08-10,100.545,100.66,100.52,100.64,7607
TS主连,2020-08-11,100.635,100.635,100.565,100.625,7283
TS主连,2020-08-12,100.605,100.635,100.515,100.605,9619
TS主连,2020-08-13,100.59,100.64,100.57,100.62,4461
TS主连,2020-08-14,100.65,100.725,100.63,100.67,6871
TS主连,2020-08-17,100.705,100.72,100.655,100.685,5041
TS主连,2020-08-18,100.685,100.715,100.645,100.685,4990
TS主连,2020-08-19,100.665,100.685,100.565,100.57,4101
TS主连,2020-08-20,100.585,100.61,100.52,100.52,4322
TS主连,2020-08-21,100.535,100.57,100.52,100.545,2719
TS主连,2020-08-24,100.36,100.395,100.3,100.325,6175
TS主连,2020-08-25,100.27,100.325,100.22,100.255,7238
TS主连,2020-08-26,100.27,100.31,100.185,100.195,7395
TS主连,2020-08-27,100.19,100.23,100.15,100.155,7524
TS主连,2020-08-28,100.15,100.16,100.09,100.16,8619
TS主连,2020-08-31,100.16,100.21,100.135,100.195,6697
TS主连,2020-09-01,100.19,100.21,100.17,100.185,6653
TS主连,2020-09-02,100.17,100.17,100.085,100.105,5852
TS主连,2020-09-03,100.07,100.115,100.02,100.11,8576
TS主连,2020-09-04,100.15,100.17,100.06,100.07,5579
TS主连,2020-09-07,100.05,100.07,100.01,100.06,5922
TS主连,2020-09-08,100.095,100.135,100.075,100.115,6950
TS主连,2020-09-09,100.15,100.295,100.125,100.29,13128
TS主连,2020-09-10,100.24,100.39,100.235,100.35,10502
TS主连,2020-09-11,100.33,100.335,100.27,100.27,9706
TS主连,2020-09-14,100.235,100.29,100.155,100.26,4458
TS主连,2020-09-15,100.3,100.405,100.28,100.36,8978
TS主连,2020-09-16,100.42,100.465,100.385,100.385,7565
TS主连,2020-09-17,100.385,100.43,100.315,100.34,7189
TS主连,2020-09-18,100.375,100.45,100.35,100.385,7450
TS主连,2020-09-21,100.385,100.52,100.385,100.475,7417
TS主连,2020-09-22,100.5,100.545,100.415,100.475,8831
TS主连,2020-09-23,100.5,100.5,100.425,100.465,6698
TS主连,2020-09-24,100.48,100.49,100.36,100.375,7575
TS主连,2020-09-25,100.34,100.39,100.33,100.335,4708
TS主连,2020-09-28,100.31,100.365,100.285,100.36,4304
TS主连,2020-09-29,100.35,100.36,100.29,100.325,3647
TS主连,2020-09-30,100.33,100.345,100.2,100.22,4340
TS主连,2020-10-09,100.175,100.18,100.085,100.09,6093
TS主连,2020-10-12,100.07,100.17,100.04,100.145,5746
TS主连,2020-10-13,100.135,100.165,100.125,100.165,4768
TS主连,2020-10-14,100.145,100.155,100.095,100.1,6486
TS主连,2020-10-15,100.05,100.13,100.05,100.06,6223
TS主连,2020-10-16,100.075,100.13,100.02,100.125,7122
TS主连,2020-10-19,100.15,100.195,100.115,100.185,7629
TS主连,2020-10-20,100.17,100.2,100.145,100.195,7009
TS主连,2020-10-21,100.165,100.265,100.165,100.24,7771
TS主连,2020-10-22,100.27,100.355,100.27,100.325,8428
TS主连,2020-10-23,100.295,100.315,100.265,100.285,7628
TS主连,2020-10-26,100.25,100.295,100.205,100.235,7894
TS主连,2020-10-27,100.25,100.29,100.23,100.275,6616
TS主连,2020-10-28,100.31,100.37,100.225,100.29,8052
TS主连,2020-10-29,100.31,100.33,100.225,100.245,7208
TS主连,2020-10-30,100.245,100.3,100.23,100.255,6846
TS主连,2020-11-02,100.245,100.31,100.205,100.305,6593
TS主连,2020-11-03,100.33,100.36,100.275,100.29,6627
TS主连,2020-11-04,100.27,100.305,100.245,100.29,6725
TS主连,2020-11-05,100.265,100.305,100.2,100.215,6897
TS主连,2020-11-06,100.205,100.205,100.145,100.155,8412
TS主连,2020-11-09,100.11,100.145,100.1,100.12,7304
TS主连,2020-11-10,100.1,100.195,100.09,100.16,6238
TS主连,2020-11-11,100.165,100.215,100.12,100.145,5795
TS主连,2020-11-12,100.12,100.125,100.065,100.075,7040
TS主连,2020-11-13,100.055,100.065,99.97,100.0,9038
TS主连,2020-11-16,100.015,100.095,100.015,100.02,7502
TS主连,2020-11-17,100.015,100.04,99.995,99.995,3792
TS主连,2020-11-18,100.0,100.0,99.835,99.885,4414
TS主连,2020-11-19,99.88,99.885,99.82,99.84,5393
TS主连,2020-11-20,99.79,99.83,99.75,99.78,7570
TS主连,2020-11-23,99.84,99.87,99.84,99.855,3080
TS主连,2020-11-24,100.005,100.03,99.96,99.965,4318
TS主连,2020-11-25,99.83,99.925,99.78,99.905,3493
TS主连,2020-11-26,100.13,100.135,100.01,100.03,6786
TS主连,2020-11-27,100.08,100.1,99.99,99.99,6867
TS主连,2020-11-30,100.105,100.265,100.075,100.265,9711
TS主连,2020-12-01,100.28,100.285,100.2,100.21,5014
TS主连,2020-12-02,100.2,100.2,100.115,100.145,5718
TS主连,2020-12-03,100.135,100.16,100.07,100.11,4573
TS主连,2020-12-04,100.15,100.15,100.095,100.135,3871
TS主连,2020-12-07,100.13,100.13,100.07,100.105,3894
TS主连,2020-12-08,100.145,100.185,100.135,100.16,4218
TS主连,2020-12-09,100.185,100.195,100.115,100.15,8517
TS主连,2020-12-10,100.165,100.26,100.165,100.225,7255
TS主连,2020-12-11,100.215,100.215,100.14,100.15,8476
TS主连,2020-12-14,100.135,100.175,100.11,100.16,3597
TS主连,2020-12-15,100.25,100.305,100.215,100.255,8813
TS主连,2020-12-16,100.25,100.33,100.245,100.305,7194
TS主连,2020-12-17,100.27,100.29,100.2,100.2,7667
TS主连,2020-12-18,100.19,100.23,100.155,100.155,7780
TS主连,2020-12-21,100.21,100.285,100.21,100.265,6581
TS主连,2020-12-22,100.305,100.365,100.285,100.3,7224
TS主连,2020-12-23,100.36,100.415,100.31,100.39,7917
TS主连,2020-12-24,100.35,100.38,100.305,100.33,7554
TS主连,2020-12-25,100.31,100.4,100.31,100.4,4846
TS主连,2020-12-28,100.405,100.44,100.365,100.38,4767
TS主连,2020-12-29,100.41,100.42,100.365,100.41,5164
TS主连,2020-12-30,100.41,100.47,100.39,100.46,4174
TS主连,2020-12-31,100.49,100.51,100.38,100.385,4866
TS主连,2021-01-04,100.385,100.405,100.315,100.345,6034
TS主连,2021-01-05,100.345,100.44,100.345,100.425,6455
TS主连,2021-01-06,100.435,100.52,100.405,100.43,8585
TS主连,2021-01-07,100.5,100.52,100.455,100.48,7868
TS主连,2021-01-08,100.49,100.52,100.435,100.48,10033
TS主连,2021-01-11,100.48,100.48,100.405,100.455,7234
TS主连,2021-01-12,100.48,100.56,100.44,100.555,6585
TS主连,2021-01-13,100.57,100.66,100.53,100.65,9801
TS主连,2021-01-14,100.7,100.775,100.525,100.55,15444
TS主连,2021-01-15,100.54,100.595,100.435,100.435,11102
TS主连,2021-01-18,100.41,100.41,100.335,100.38,9156
TS主连,2021-01-19,100.385,100.425,100.37,100.395,6285
TS主连,2021-01-20,100.43,100.46,100.39,100.46,6708
TS主连,2021-01-21,100.45,100.525,100.445,100.51,7024
TS主连,2021-01-22,100.47,100.515,100.41,100.495,6569
TS主连,2021-01-25,100.485,100.51,100.445,100.475,7086
TS主连,2021-01-26,100.4,100.4,100.31,100.32,10381
TS主连,2021-01-27,100.28,100.355,100.235,100.335,10524
TS主连,2021-01-28,100.305,100.315,100.235,100.245,9158
TS主连,2021-01-29,100.28,100.33,100.1,100.255,12414
TS主连,2021-02-01,100.275,100.36,100.265,100.32,7678
TS主连,2021-02-02,100.33,100.365,100.32,100.33,6298
TS主连,2021-02-03,100.31,100.31,100.21,100.22,8200
TS主连,2021-02-04,100.215,100.235,100.15,100.155,6900
TS主连,2021-02-05,100.15,100.24,100.145,100.19,5886
TS主连,2021-02-08,100.2,100.24,100.155,100.235,6656
TS主连,2021-02-09,100.225,100.295,100.225,100.255,7179
TS主连,2021-02-10,100.255,100.255,100.205,100.23,3017
TS主连,2021-02-18,100.18,100.215,100.09,100.155,4506
TS主连,2021-02-19,100.2,100.295,100.185,100.29,5407
TS主连,2021-02-22,100.28,100.355,100.25,100.355,4861
TS主连,2021-02-23,100.34,100.41,100.335,100.395,5887
TS主连,2021-02-24,100.05,100.095,100.03,100.035,5656
TS主连,2021-02-25,100.0,100.05,99.975,100.04,5384
TS主连,2021-02-26,100.045,100.07,99.995,100.02,5707
TS主连,2021-03-01,100.025,100.08,100.025,100.055,6915
TS主连,2021-03-02,100.06,100.11,100.025,100.07,5573
TS主连,2021-03-03,100.07,100.135,100.025,100.05,6215
TS主连,2021-03-04,100.03,100.04,99.98,99.995,6638
TS主连,2021-03-05,99.99,100.09,99.965,100.085,8339
TS主连,2021-03-08,100.055,100.115,100.02,100.095,8344
TS主连,2021-03-09,100.08,100.095,100.005,100.055,10044
TS主连,2021-03-10,100.05,100.075,100.01,100.04,12589
TS主连,2021-03-11,100.045,100.055,99.99,100.0,9775
TS主连,2021-03-12,100.0,100.035,99.99,99.995,8002
TS主连,2021-03-15,100.0,100.005,99.935,99.97,7596
TS主连,2021-03-16,99.97,100.035,99.965,100.0,7361
TS主连,2021-03-17,100.035,100.075,100.035,100.04,9569
TS主连,2021-03-18,100.045,100.045,100.01,100.02,5339
TS主连,2021-03-19,100.03,100.12,100.03,100.1,7370
TS主连,2021-03-22,100.105,100.175,100.095,100.125,8561
TS主连,2021-03-23,100.12,100.145,100.11,100.125,6458
TS主连,2021-03-24,100.17,100.215,100.155,100.195,10147
TS主连,2021-03-25,100.195,100.215,100.17,100.215,6174
TS主连,2021-03-26,100.2,100.21,100.175,100.175,6547
TS主连,2021-03-29,100.17,100.175,100.125,100.17,6408
TS主连,2021-03-30,100.175,100.215,100.145,100.15,7590
TS主连,2021-03-31,100.17,100.21,100.155,100.21,8332
TS主连,2021-04-01,100.205,100.225,100.165,100.175,6783
TS主连,2021-04-02,100.17,100.235,100.17,100.205,8306
TS主连,2021-04-06,100.195,100.2,100.155,100.18,4798
TS主连,2021-04-07,100.17,100.175,100.095,100.1,15866
TS主连,2021-04-08,100.1,100.125,100.06,100.095,7530
TS主连,2021-04-09,100.115,100.15,100.11,100.135,7259
TS主连,2021-04-12,100.15,100.19,100.15,100.19,6211
TS主连,2021-04-13,100.22,100.32,100.22,100.32,10926
TS主连,2021-04-14,100.3,100.315,100.27,100.285,7333
TS主连,2021-04-15,100.28,100.3,100.255,100.26,5726
TS主连,2021-04-16,100.26,100.285,100.24,100.28,6933
TS主连,2021-04-19,100.29,100.32,100.245,100.315,6448
TS主连,2021-04-20,100.315,100.345,100.31,100.33,7945
TS主连,2021-04-21,100.335,100.385,100.325,100.365,10362
TS主连,2021-04-22,100.355,100.37,100.32,100.35,6825
TS主连,2021-04-23,100.35,100.385,100.345,100.365,8374
TS主连,2021-04-26,100.32,100.335,100.275,100.315,11835
TS主连,2021-04-27,100.32,100.365,100.305,100.305,9744
TS主连,2021-04-28,100.325,100.36,100.315,100.335,8103
TS主连,2021-04-29,100.37,100.395,100.32,100.365,13930
TS主连,2021-04-30,100.365,100.445,100.345,100.415,6937
TS主连,2021-05-06,100.415,100.465,100.395,100.445,5435
TS主连,2021-05-07,100.455,100.49,100.435,100.46,6435
TS主连,2021-05-10,100.465,100.535,100.435,100.535,5792
TS主连,2021-05-11,100.54,100.59,100.525,100.59,12668
TS主连,2021-05-12,100.59,100.61,100.52,100.53,9286
TS主连,2021-05-13,100.5,100.525,100.465,100.525,8168
TS主连,2021-05-14,100.525,100.555,100.495,100.535,11290
TS主连,2021-05-17,100.495,100.565,100.485,100.495,9883
TS主连,2021-05-18,100.49,100.505,100.41,100.48,6544
TS主连,2021-05-19,100.48,100.55,100.48,100.545,5697
TS主连,2021-05-20,100.3,100.365,100.265,100.36,11359
TS主连,2021-05-21,100.365,100.41,100.325,100.395,7931
TS主连,2021-05-24,100.41,100.425,100.305,100.335,9867
TS主连,2021-05-25,100.32,100.36,100.25,100.36,9255
TS主连,2021-05-26,100.365,100.405,100.35,100.355,9557
TS主连,2021-05-27,100.36,100.36,100.305,100.305,9958
TS主连,2021-05-28,100.3,100.315,100.275,100.285,10996
TS主连,2021-05-31,100.26,100.32,100.23,100.32,9135
TS主连,2021-06-01,100.32,100.365,100.31,100.32,8153
TS主连,2021-06-02,100.315,100.34,100.27,100.28,11819
TS主连,2021-06-03,100.295,100.315,100.275,100.305,8520
TS主连,2021-06-04,100.305,100.315,100.22,100.225,8251
TS主连,2021-06-07,100.18,100.205,100.14,100.17,12764
TS主连,2021-06-08,100.19,100.215,100.165,100.17,11140
TS主连,2021-06-09,100.165,100.19,100.155,100.17,11838
TS主连,2021-06-10,100.205,100.235,100.19,100.215,8475
TS主连,2021-06-11,100.21,100.22,100.165,100.17,8771
TS主连,2021-06-15,100.16,100.2,100.135,100.19,5906
TS主连,2021-06-16,100.19,100.21,100.17,100.185,7204
TS主连,2021-06-17,100.17,100.195,100.155,100.16,8049
TS主连,2021-06-18,100.175,100.245,100.165,100.23,8088
TS主连,2021-06-21,100.265,100.295,100.24,100.29,9115
TS主连,2021-06-22,100.27,100.31,100.25,100.305,11915
TS主连,2021-06-23,100.31,100.37,100.31,100.36,11698
TS主连,2021-06-24,100.385,100.43,100.365,100.38,13091
TS主连,2021-06-25,100.38,100.395,100.37,100.385,6032
TS主连,2021-06-28,100.39,100.425,100.35,100.355,10375
TS主连,2021-06-29,100.33,100.39,100.33,100.38,9690
TS主连,2021-06-30,100.385,100.43,100.37,100.425,10349
TS主连,2021-07-01,100.43,100.51,100.375,100.375,7300
TS主连,2021-07-02,100.375,100.425,100.375,100.4,6938
TS主连,2021-07-05,100.435,100.45,100.4,100.42,6257
TS主连,2021-07-06,100.41,100.435,100.39,100.4,8251
TS主连,2021-07-07,100.41,100.5,100.39,100.475,11679
TS主连,2021-07-08,100.595,100.65,100.575,100.595,12437
TS主连,2021-07-09,100.58,100.59,100.51,100.54,8315
TS主连,2021-07-12,100.6,100.715,100.595,100.685,9955
TS主连,2021-07-13,100.68,100.74,100.68,100.705,6697
TS主连,2021-07-14,100.74,100.785,100.715,100.74,10423
TS主连,2021-07-15,100.705,100.725,100.665,100.665,9855
TS主连,2021-07-16,100.665,100.725,100.665,100.72,4151
TS主连,2021-07-19,100.74,100.74,100.695,100.73,5039
TS主连,2021-07-20,100.755,100.8,100.74,100.78,9027
TS主连,2021-07-21,100.795,100.83,100.765,100.83,6813
TS主连,2021-07-22,100.815,100.825,100.775,100.81,5267
TS主连,2021-07-23,100.84,100.88,100.805,100.87,4838
TS主连,2021-07-26,100.88,100.945,100.88,100.91,6723
TS主连,2021-07-27,100.89,100.91,100.61,100.75,16408
TS主连,2021-07-28,100.76,100.84,100.75,100.775,8656
TS主连,2021-07-29,100.8,100.845,100.8,100.815,6436
TS主连,2021-07-30,100.9,101.15,100.85,100.925,9719
TS主连,2021-08-02,100.975,101.025,100.92,100.965,8928
TS主连,2021-08-03,100.955,100.97,100.9,100.91,7465
TS主连,2021-08-04,100.895,100.91,100.87,100.9,8120
TS主连,2021-08-05,100.92,100.94,100.895,100.94,8763
TS主连,2021-08-06,100.89,100.92,100.89,100.91,6627
TS主连,2021-08-09,100.89,100.89,100.775,100.785,9102
TS主连,2021-08-10,100.75,100.81,100.73,100.795,11698
TS主连,2021-08-11,100.79,100.805,100.76,100.775,6086
TS主连,2021-08-12,100.775,100.815,100.705,100.79,8627
TS主连,2021-08-13,100.79,100.79,100.75,100.775,6529
TS主连,2021-08-16,100.79,100.79,100.735,100.77,7223
TS主连,2021-08-17,100.77,100.81,100.76,100.8,6768
TS主连,2021-08-18,100.765,100.915,100.755,100.9,7217
TS主连,2021-08-19,100.915,100.945,100.83,100.87,3395
TS主连,2021-08-20,100.81,100.81,100.695,100.72,8239
TS主连,2021-08-23,100.715,100.73,100.685,100.69,6331
TS主连,2021-08-24,100.695,100.735,100.67,100.735,5191
TS主连,2021-08-25,100.745,100.8,100.745,100.76,7772
TS主连,2021-08-26,100.755,100.755,100.685,100.695,8080
TS主连,2021-08-27,100.7,100.76,100.7,100.76,9758
TS主连,2021-08-30,100.745,100.805,100.73,100.795,9112
TS主连,2021-08-31,100.81,100.835,100.775,100.79,8886
TS主连,2021-09-01,100.79,100.9,100.79,100.89,9629
TS主连,2021-09-02,100.88,100.88,100.83,100.835,6912
TS主连,2021-09-03,100.835,100.85,100.8,100.805,7440
TS主连,2021-09-06,100.82,100.84,100.76,100.77,8238
TS主连,2021-09-07,100.765,100.785,100.725,100.73,6303
TS主连,2021-09-08,100.73,100.76,100.7,100.725,8635
TS主连,2021-09-09,100.72,100.755,100.71,100.715,6809
TS主连,2021-09-10,100.8,100.8,100.68,100.73,8044
TS主连,2021-09-13,100.725,100.74,100.615,100.625,8301
TS主连,2021-09-14,100.625,100.65,100.61,100.645,9689
TS主连,2021-09-15,100.665,100.7,100.615,100.62,9569
TS主连,2021-09-16,100.62,100.67,100.615,100.665,8497
TS主连,2021-09-17,100.7,100.725,100.675,100.7,8000
TS主连,2021-09-22,100.725,100.775,100.725,100.77,5786
TS主连,2021-09-23,100.77,100.82,100.75,100.81,8622
TS主连,2021-09-24,100.795,100.81,100.77,100.78,7832
TS主连,2021-09-27,100.785,100.805,100.745,100.755,9424
TS主连,2021-09-28,100.755,100.76,100.725,100.74,11180
TS主连,2021-09-29,100.735,100.795,100.72,100.79,7952
TS主连,2021-09-30,100.8,100.825,100.75,100.79,9893
TS主连,2021-10-08,100.78,100.79,100.725,100.75,10561
TS主连,2021-10-11,100.735,100.735,100.64,100.645,8884
TS主连,2021-10-12,100.66,100.69,100.625,100.66,9730
TS主连,2021-10-13,100.65,100.68,100.62,100.655,10921
TS主连,2021-10-14,100.66,100.695,100.63,100.64,13842
TS主连,2021-10-15,100.635,100.665,100.555,100.61,10620
TS主连,2021-10-18,100.5,100.535,100.48,100.515,12780
TS主连,2021-10-19,100.48,100.55,100.48,100.545,13051
TS主连,2021-10-20,100.58,100.595,100.535,100.54,12588
TS主连,2021-10-21,100.57,100.61,100.555,100.61,17840
TS主连,2021-10-22,100.61,100.625,100.585,100.6,12189
TS主连,2021-10-25,100.605,100.635,100.595,100.61,8608
TS主连,2021-10-26,100.615,100.65,100.605,100.63,10270
TS主连,2021-10-27,100.635,100.66,100.62,100.64,10662
TS主连,2021-10-28,100.64,100.665,100.62,100.655,12868
TS主连,2021-10-29,100.655,100.68,100.615,100.63,14592
TS主连,2021-11-01,100.66,100.705,100.63,100.69,12683
TS主连,2021-11-02,100.69,100.75,100.66,100.73,11652
TS主连,2021-11-03,100.73,100.785,100.73,100.745,15646
TS主连,2021-11-04,100.75,100.77,100.735,100.755,10522
TS主连,2021-11-05,100.78,100.865,100.78,100.86,20952
TS主连,2021-11-08,100.865,100.895,100.83,100.845,16780
TS主连,2021-11-09,100.825,100.85,100.8,100.845,17257
TS主连,2021-11-10,100.85,100.865,100.815,100.83,16615
TS主连,2021-11-11,100.82,100.83,100.8,100.815,17606
TS主连,2021-11-12,100.81,100.84,100.805,100.805,6661
TS主连,2021-11-15,100.805,100.855,100.785,100.855,12368
TS主连,2021-11-16,100.86,100.865,100.82,100.84,11934
TS主连,2021-11-17,100.845,100.845,100.775,100.78,13470
TS主连,2021-11-18,100.78,100.815,100.765,100.775,11676
TS主连,2021-11-19,100.77,100.82,100.73,100.735,10415
TS主连,2021-11-22,100.72,100.775,100.71,100.765,6741
TS主连,2021-11-23,100.755,100.76,100.72,100.745,5905
TS主连,2021-11-24,100.76,100.85,100.76,100.835,8982
TS主连,2021-11-25,100.815,100.835,100.8,100.82,9035
TS主连,2021-11-26,100.83,100.88,100.83,100.875,12889
TS主连,2021-11-29,100.88,100.88,100.83,100.86,6290
TS主连,2021-11-30,100.825,100.83,100.77,100.815,10357
TS主连,2021-12-01,100.81,100.81,100.775,100.775,14706
TS主连,2021-12-02,100.78,100.8,100.725,100.75,12113
TS主连,2021-12-03,100.745,100.765,100.705,100.72,8535
TS主连,2021-12-06,100.81,100.88,100.81,100.825,10176
TS主连,2021-12-07,100.835,100.84,100.775,100.78,15089
TS主连,2021-12-08,100.785,100.795,100.735,100.76,12078
TS主连,2021-12-09,100.75,100.81,100.735,100.79,8899
TS主连,2021-12-10,100.795,100.825,100.795,100.81,15053
TS主连,2021-12-13,100.815,100.845,100.785,100.84,11460
TS主连,2021-12-14,100.85,100.925,100.85,100.895,17681
TS主连,2021-12-15,100.875,100.925,100.8,100.92,11510
TS主连,2021-12-16,100.91,100.92,100.87,100.895,12599
TS主连,2021-12-17,100.895,100.945,100.885,100.89,16107
TS主连,2021-12-20,100.89,100.89,100.79,100.845,17504
TS主连,2021-12-21,100.84,100.85,100.805,100.85,22359
TS主连,2021-12-22,100.845,100.91,100.835,100.905,22845
TS主连,2021-12-23,100.91,100.96,100.905,100.95,21697
TS主连,2021-12-24,100.96,100.975,100.91,100.92,18458
TS主连,2021-12-27,100.93,100.995,100.925,100.95,22186
TS主连,2021-12-28,100.965,100.98,100.925,100.96,18887
TS主连,2021-12-29,100.985,101.01,100.97,101.005,13432
TS主连,2021-12-30,100.99,101.08,100.985,101.07,15854
TS主连,2021-12-31,101.025,101.11,100.965,101.08,15615
TS主连,2022-01-04,101.06,101.09,101.02,101.085,11554
TS主连,2022-01-05,101.08,101.085,101.045,101.055,12058
TS主连,2022-01-06,101.05,101.05,100.985,100.985,15275
TS主连,2022-01-07,100.985,101.0,100.955,100.99,14495
TS主连,2022-01-10,101.005,101.055,101.005,101.035,8941
TS主连,2022-01-11,101.025,101.085,101.025,101.075,9602
TS主连,2022-01-12,101.085,101.11,101.065,101.065,11060
TS主连,2022-01-13,101.07,101.085,101.03,101.06,12717
TS主连,2022-01-14,101.095,101.095,101.04,101.05,13998
TS主连,2022-01-17,101.085,101.155,101.085,101.12,21314
TS主连,2022-01-18,101.15,101.29,101.15,101.275,16251
TS主连,2022-01-19,101.31,101.38,101.31,101.325,17528
TS主连,2022-01-20,101.34,101.355,101.315,101.34,10487
TS主连,2022-01-21,101.345,101.445,101.34,101.44,11942
TS主连,2022-01-24,101.5,101.5,101.45,101.465,11332
TS主连,2022-01-25,101.47,101.47,101.375,101.385,13087
TS主连,2022-01-26,101.35,101.36,101.295,101.345,15956
TS主连,2022-01-27,101.335,101.38,101.295,101.345,12694
TS主连,2022-01-28,101.37,101.465,101.365,101.465,9885
TS主连,2022-02-07,101.45,101.45,101.28,101.405,10700
TS主连,2022-02-08,101.43,101.445,101.365,101.37,14328
TS主连,2022-02-09,101.35,101.36,101.31,101.335,17339
TS主连,2022-02-10,101.35,101.37,101.34,101.35,11825
TS主连,2022-02-11,101.28,101.295,101.21,101.23,23763
TS主连,2022-02-14,101.245,101.26,101.2,101.21,13277
TS主连,2022-02-15,101.21,101.235,101.175,101.215,11016
TS主连,2022-02-16,101.18,101.23,101.175,101.22,20694
TS主连,2022-02-17,101.24,101.265,101.215,101.22,14378
TS主连,2022-02-18,101.21,101.235,101.185,101.19,12327
TS主连,2022-02-21,101.165,101.19,101.085,101.115,10273
TS主连,2022-02-22,101.115,101.15,101.0,101.025,17624
TS主连,2022-02-23,101.06,101.12,101.06,101.11,11393
TS主连,2022-02-24,101.13,101.16,101.105,101.115,11407
TS主连,2022-02-25,101.1,101.185,101.085,101.165,10146
TS主连,2022-02-28,101.17,101.23,101.17,101.195,11369
TS主连,2022-03-01,101.205,101.22,101.14,101.145,15379
TS主连,2022-03-02,101.11,101.155,101.095,101.125,13931
TS主连,2022-03-03,101.105,101.12,101.02,101.03,25253
TS主连,2022-03-04,101.06,101.075,101.015,101.05,23793
TS主连,2022-03-07,101.03,101.155,101.015,101.135,19106
TS主连,2022-03-08,101.135,101.2,101.135,101.18,17224
TS主连,2022-03-09,101.155,101.155,101.045,101.11,21398
TS主连,2022-03-10,101.12,101.165,101.085,101.095,13270
TS主连,2022-03-11,101.055,101.285,101.03,101.25,28936
TS主连,2022-03-14,101.32,101.4,101.3,101.355,30309
TS主连,2022-03-15,101.25,101.31,101.13,101.16,20455
TS主连,2022-03-16,101.155,101.25,101.045,101.175,21002
TS主连,2022-03-17,101.195,101.215,101.145,101.175,11342
TS主连,2022-03-18,101.18,101.28,101.175,101.26,14565
TS主连,2022-03-21,101.23,101.235,101.17,101.18,11938
TS主连,2022-03-22,101.145,101.145,101.105,101.11,14827
TS主连,2022-03-23,101.125,101.17,101.115,101.125,13056
TS主连,2022-03-24,101.125,101.16,101.09,101.16,10439
TS主连,2022-03-25,101.16,101.18,101.14,101.175,11917
TS主连,2022-03-28,101.19,101.235,101.145,101.155,9985
TS主连,2022-03-29,101.155,101.175,101.135,101.155,8714
TS主连,2022-03-30,101.165,101.24,101.16,101.22,11981
TS主连,2022-03-31,101.22,101.225,101.185,101.195,13215
TS主连,2022-04-01,101.22,101.285,101.205,101.25,12782
TS主连,2022-04-06,101.29,101.315,101.255,101.285,8641
TS主连,2022-04-07,101.305,101.365,101.29,101.35,11077
TS主连,2022-04-08,101.345,101.36,101.275,101.305,10920
TS主连,2022-04-11,101.32,101.32,101.225,101.235,10388
TS主连,2022-04-12,101.245,101.385,101.195,101.235,15613
TS主连,2022-04-13,101.225,101.275,101.22,101.26,12385
TS主连,2022-04-14,101.32,101.35,101.29,101.3,14887
TS主连,2022-04-15,101.285,101.4,101.275,101.335,24298
TS主连,2022-04-18,101.25,101.295,101.23,101.25,17785
TS主连,2022-04-19,101.255,101.295,101.21,101.225,15446
TS主连,2022-04-20,101.21,101.225,101.17,101.195,32475
TS主连,2022-04-21,101.2,101.22,101.185,101.21,17803
TS主连,2022-04-22,101.205,101.215,101.125,101.145,24348
TS主连,2022-04-25,101.175,101.21,101.16,101.195,16181
TS主连,2022-04-26,101.19,101.21,101.16,101.18,15080
TS主连,2022-04-27,101.16,101.165,101.1,101.11,21787
TS主连,2022-04-28,101.095,101.1,101.025,101.06,20579
TS主连,2022-04-29,101.095,101.14,101.065,101.135,19973
TS主连,2022-05-05,101.13,101.15,101.11,101.145,10546
TS主连,2022-05-06,101.14,101.14,101.065,101.12,21684
TS主连,2022-05-09,101.145,101.145,101.11,101.145,19262
TS主连,2022-05-10,101.165,101.23,101.165,101.22,16046
TS主连,2022-05-11,101.205,101.205,101.145,101.18,15916
TS主连,2022-05-12,101.185,101.24,101.185,101.225,13220
TS主连,2022-05-13,101.255,101.275,101.215,101.215,16435
TS主连,2022-05-16,101.18,101.255,101.17,101.25,10560
TS主连,2022-05-17,101.25,101.3,101.25,101.29,9368
TS主连,2022-05-18,101.29,101.34,101.28,101.335,9075
TS主连,2022-05-19,101.115,101.145,101.045,101.065,14803
TS主连,2022-05-20,101.025,101.06,101.015,101.05,14654
TS主连,2022-05-23,101.08,101.1,101.065,101.095,10924
TS主连,2022-05-24,101.095,101.11,101.045,101.06,15079
TS主连,2022-05-25,101.08,101.085,101.03,101.04,14947
TS主连,2022-05-26,101.1,101.18,101.1,101.17,22581
TS主连,2022-05-27,101.17,101.185,101.14,101.185,17660
TS主连,2022-05-30,101.155,101.155,101.09,101.115,12213
TS主连,2022-05-31,101.06,101.09,101.04,101.065,18550
TS主连,2022-06-01,101.09,101.09,101.015,101.02,9333
TS主连,2022-06-02,101.025,101.055,100.99,100.99,16852
TS主连,2022-06-06,100.94,100.995,100.91,100.935,16668
TS主连,2022-06-07,100.925,100.995,100.905,100.99,19515
TS主连,2022-06-08,100.99,101.02,100.97,100.99,15189
TS主连,2022-06-09,100.98,101.045,100.98,101.035,18377
TS主连,2022-06-10,101.04,101.06,101.0,101.005,20830
TS主连,2022-06-13,101.0,101.015,100.955,100.985,18201
TS主连,2022-06-14,100.945,100.995,100.945,100.995,18287
TS主连,2022-06-15,100.985,100.985,100.925,100.955,24649
TS主连,2022-06-16,100.955,100.985,100.95,100.98,18843
TS主连,2022-06-17,100.98,101.045,100.98,101.01,28257
TS主连,2022-06-20,100.99,101.0,100.955,100.955,24241
TS主连,2022-06-21,100.95,100.965,100.93,100.94,23772
TS主连,2022-06-22,100.955,100.98,100.94,100.97,18842
TS主连,2022-06-23,100.985,101.005,100.965,100.97,23450
TS主连,2022-06-24,100.99,101.02,100.96,100.97,22785
TS主连,2022-06-27,100.94,100.95,100.865,100.885,25871
TS主连,2022-06-28,100.905,100.925,100.84,100.845,25183
TS主连,2022-06-29,100.86,100.925,100.86,100.88,32128
TS主连,2022-06-30,100.87,100.96,100.87,100.955,26804
TS主连,2022-07-01,100.96,100.99,100.95,100.96,26433
TS主连,2022-07-04,100.92,100.92,100.77,100.82,37474
TS主连,2022-07-05,100.785,100.835,100.725,100.835,28409
TS主连,2022-07-06,100.85,100.905,100.835,100.865,24131
TS主连,2022-07-07,100.855,100.88,100.835,100.845,21832
TS主连,2022-07-08,100.86,100.895,100.825,100.875,24631
TS主连,2022-07-11,100.905,100.96,100.9,100.945,24039
TS主连,2022-07-12,100.99,101.05,100.945,100.975,23664
TS主连,2022-07-13,101.02,101.04,100.97,100.995,25510
TS主连,2022-07-14,101.0,101.035,101.0,101.02,27535
TS主连,2022-07-15,101.04,101.08,101.01,101.06,28928
TS主连,2022-07-18,101.09,101.1,101.06,101.07,21810
TS主连,2022-07-19,101.015,101.065,101.015,101.06,18214
TS主连,2022-07-20,101.06,101.105,101.03,101.095,25886
TS主连,2022-07-21,101.14,101.14,101.1,101.11,18936
TS主连,2022-07-22,101.1,101.105,101.075,101.09,19261
TS主连,2022-07-25,101.08,101.145,101.065,101.115,22808
TS主连,2022-07-26,101.135,101.21,101.125,101.205,19420
TS主连,2022-07-27,101.205,101.225,101.18,101.18,20520
TS主连,2022-07-28,101.19,101.19,101.105,101.115,29223
TS主连,2022-07-29,101.2,101.235,101.18,101.225,20774
TS主连,2022-08-01,101.27,101.315,101.245,101.265,23329
TS主连,2022-08-02,101.29,101.36,101.285,101.35,24354
TS主连,2022-08-03,101.335,101.42,101.295,101.415,24203
TS主连,2022-08-04,101.42,101.5,101.355,101.355,26772
TS主连,2022-08-05,101.35,101.385,101.315,101.325,22169
TS主连,2022-08-08,101.305,101.37,101.305,101.32,18033
TS主连,2022-08-09,101.33,101.34,101.24,101.28,27919
TS主连,2022-08-10,101.27,101.335,101.24,101.255,30120
TS主连,2022-08-11,101.24,101.305,101.24,101.29,29715
TS主连,2022-08-12,101.3,101.325,101.255,101.26,27821
TS主连,2022-08-15,101.4,101.605,101.4,101.46,25481
TS主连,2022-08-16,101.54,101.54,101.425,101.435,18543
TS主连,2022-08-17,101.395,101.44,101.365,101.435,7498
TS主连,2022-08-18,101.21,101.235,101.18,101.23,29173
TS主连,2022-08-19,101.23,101.235,101.175,101.21,26239
TS主连,2022-08-22,101.21,101.25,101.17,101.195,23138
TS主连,2022-08-23,101.165,101.19,101.14,101.15,29176
TS主连,2022-08-24,101.125,101.175,101.125,101.16,29507
TS主连,2022-08-25,101.135,101.14,101.09,101.105,31545
TS主连,2022-08-26,101.09,101.125,101.08,101.1,33918
TS主连,2022-08-29,101.1,101.17,101.065,101.17,36531
TS主连,2022-08-30,101.185,101.22,101.15,101.17,33175
TS主连,2022-08-31,101.155,101.22,101.155,101.19,34460
TS主连,2022-09-01,101.19,101.26,101.175,101.24,36181
TS主连,2022-09-02,101.24,101.28,101.225,101.23,35425
TS主连,2022-09-05,101.23,101.3,101.23,101.27,40459
TS主连,2022-09-06,101.29,101.31,101.26,101.29,45130
TS主连,2022-09-07,101.28,101.295,101.25,101.265,41148
TS主连,2022-09-08,101.235,101.265,101.225,101.26,34551
TS主连,2022-09-09,101.255,101.275,101.185,101.185,44470
TS主连,2022-09-13,101.215,101.225,101.19,101.215,14706
TS主连,2022-09-14,101.19,101.195,101.16,101.18,25964
TS主连,2022-09-15,101.205,101.22,101.15,101.16,26857
TS主连,2022-09-16,101.11,101.15,101.085,101.135,42270
TS主连,2022-09-19,101.135,101.17,101.12,101.165,49462
TS主连,2022-09-20,101.18,101.205,101.17,101.2,44070
TS主连,2022-09-21,101.195,101.23,101.18,101.22,41422
TS主连,2022-09-22,101.235,101.25,101.21,101.235,51065
TS主连,2022-09-23,101.22,101.23,101.185,101.205,41001
TS主连,2022-09-26,101.175,101.175,101.1,101.115,39627
TS主连,2022-09-27,101.1,101.13,101.07,101.12,41087
TS主连,2022-09-28,101.09,101.1,101.065,101.08,29226
TS主连,2022-09-29,101.095,101.12,101.025,101.03,37229
TS主连,2022-09-30,100.995,101.085,100.975,101.05,28333
TS主连,2022-10-10,101.09,101.18,101.09,101.18,38711
TS主连,2022-10-11,101.195,101.21,101.13,101.145,35771
TS主连,2022-10-12,101.13,101.23,101.11,101.185,53578
TS主连,2022-10-13,101.19,101.19,101.155,101.18,42630
TS主连,2022-10-14,101.185,101.25,101.165,101.245,41950
TS主连,2022-10-17,101.24,101.265,101.205,101.215,27005
TS主连,2022-10-18,101.22,101.245,101.19,101.24,33973
TS主连,2022-10-19,101.23,101.265,101.22,101.245,25924
TS主连,2022-10-20,101.215,101.255,101.2,101.22,34226
TS主连,2022-10-21,101.21,101.245,101.18,101.185,39914
TS主连,2022-10-24,101.175,101.23,101.17,101.225,28332
TS主连,2022-10-25,101.19,101.25,101.17,101.2,30558
TS主连,2022-10-26,101.215,101.285,101.215,101.285,36224
TS主连,2022-10-27,101.295,101.335,101.29,101.31,49214
TS主连,2022-10-28,101.33,101.38,101.315,101.37,37727
TS主连,2022-10-31,101.42,101.42,101.35,101.37,52312
TS主连,2022-11-01,101.36,101.385,101.33,101.345,45098
TS主连,2022-11-02,101.345,101.365,101.31,101.33,37207
TS主连,2022-11-03,101.34,101.37,101.33,101.335,33045
TS主连,2022-11-04,101.32,101.34,101.285,101.315,54321
TS主连,2022-11-07,101.33,101.355,101.305,101.34,44058
TS主连,2022-11-08,101.305,101.335,101.285,101.335,43457
TS主连,2022-11-09,101.335,101.34,101.305,101.315,44793
TS主连,2022-11-10,101.325,101.345,101.29,101.3,40198
TS主连,2022-11-11,101.32,101.335,101.135,101.225,47217
TS主连,2022-11-14,101.15,101.15,101.01,101.03,59652
TS主连,2022-11-15,101.035,101.08,100.935,100.94,52869
TS主连,2022-11-16,100.975,101.015,100.735,100.76,53116
TS主连,2022-11-17,100.825,100.95,100.765,100.945,49685
TS主连,2022-11-18,100.955,101.04,100.885,100.93,30564
TS主连,2022-11-21,101.02,101.03,100.94,100.97,25260
TS主连,2022-11-22,100.99,101.045,100.965,101.04,11867
TS主连,2022-11-23,100.76,100.835,100.73,100.81,61379
TS主连,2022-11-24,100.9,100.915,100.835,100.855,54710
TS主连,2022-11-25,100.865,100.885,100.725,100.755,54780
TS主连,2022-11-28,100.8,100.84,100.69,100.725,57493
TS主连,2022-11-29,100.69,100.71,100.53,100.615,43565
TS主连,2022-11-30,100.63,100.71,100.595,100.665,48734
TS主连,2022-12-01,100.645,100.735,100.635,100.725,47990
TS主连,2022-12-02,100.74,100.805,100.715,100.765,47651
TS主连,2022-12-05,100.75,100.775,100.7,100.745,69424
TS主连,2022-12-06,100.73,100.745,100.66,100.67,52602
TS主连,2022-12-07,100.6,100.73,100.555,100.72,66470
TS主连,2022-12-08,100.725,100.75,100.68,100.735,63698
TS主连,2022-12-09,100.695,100.71,100.615,100.66,39588
TS主连,2022-12-12,100.68,100.705,100.615,100.635,34634
TS主连,2022-12-13,100.62,100.635,100.525,100.575,53318
TS主连,2022-12-14,100.6,100.77,100.6,100.755,46666
TS主连,2022-12-15,100.735,100.805,100.715,100.755,42661
TS主连,2022-12-16,100.735,100.795,100.695,100.74,37477
TS主连,2022-12-19,100.82,100.88,100.8,100.825,42441
TS主连,2022-12-20,100.83,100.845,100.755,100.76,42489
TS主连,2022-12-21,100.76,100.845,100.74,100.825,42681
TS主连,2022-12-22,100.845,100.885,100.82,100.84,38528
TS主连,2022-12-23,100.85,100.915,100.84,100.89,40098
TS主连,2022-12-26,100.89,100.89,100.835,100.875,53569
TS主连,2022-12-27,100.86,100.86,100.775,100.805,43201
TS主连,2022-12-28,100.8,100.845,100.79,100.845,35940
TS主连,2022-12-29,100.86,100.9,100.855,100.88,30269
TS主连,2022-12-30,100.875,100.91,100.855,100.885,37410
TS主连,2023-01-03,100.91,100.945,100.87,100.92,31900
TS主连,2023-01-04,100.935,100.985,100.925,100.97,42254
TS主连,2023-01-05,100.95,100.975,100.935,100.945,36998
TS主连,2023-01-06,100.925,100.93,100.855,100.89,43431
TS主连,2023-01-09,100.895,100.91,100.83,100.865,36594
TS主连,2023-01-10,100.845,100.865,100.785,100.79,38113
TS主连,2023-01-11,100.78,100.845,100.76,100.835,31662
TS主连,2023-01-12,100.845,100.9,100.84,100.875,38002
TS主连,2023-01-13,100.87,100.88,100.835,100.845,32896
TS主连,2023-01-16,100.83,100.83,100.75,100.775,37598
TS主连,2023-01-17,100.8,100.81,100.775,100.8,32810
TS主连,2023-01-18,100.83,100.86,100.77,100.78,41794
TS主连,2023-01-19,100.8,100.815,100.755,100.785,41881
TS主连,2023-01-20,100.805,100.815,100.755,100.775,27633
TS主连,2023-01-30,100.76,100.855,100.73,100.835,38661
TS主连,2023-01-31,100.84,100.91,100.83,100.905,52025
TS主连,2023-02-01,100.895,100.915,100.865,100.88,52548
TS主连,2023-02-02,100.885,100.92,100.88,100.91,55671
TS主连,2023-02-03,100.93,100.945,100.91,100.94,55869
TS主连,2023-02-06,100.94,100.96,100.88,100.885,45602
TS主连,2023-02-07,100.875,100.93,100.87,100.92,38871
TS主连,2023-02-08,100.92,100.93,100.9,100.91,30780
TS主连,2023-02-09,100.93,100.985,100.905,100.965,45516
TS主连,2023-02-10,100.97,100.985,100.945,100.965,44127
TS主连,2023-02-13,100.975,100.99,100.945,100.95,45466
TS主连,2023-02-14,100.95,100.975,100.92,100.96,38055
TS主连,2023-02-15,100.955,100.97,100.93,100.955,41855
TS主连,2023-02-16,100.94,101.03,100.925,100.995,26518
TS主连,2023-02-17,100.98,100.98,100.92,100.93,37537
TS主连,2023-02-20,100.91,100.93,100.84,100.85,27986
TS主连,2023-02-21,100.57,100.59,100.53,100.58,43126
TS主连,2023-02-22,100.585,100.61,100.58,100.605,29537
TS主连,2023-02-23,100.585,100.61,100.575,100.595,27611
TS主连,2023-02-24,100.585,100.615,100.57,100.605,30679
TS主连,2023-02-27,100.61,100.615,100.56,100.575,26083
TS主连,2023-02-28,100.575,100.63,100.545,100.615,43622
TS主连,2023-03-01,100.605,100.645,100.59,100.635,38155
TS主连,2023-03-02,100.645,100.655,100.6,100.615,33003
TS主连,2023-03-03,100.6,100.655,100.6,100.645,42262
TS主连,2023-03-06,100.665,100.71,100.66,100.71,33262
TS主连,2023-03-07,100.7,100.76,100.695,100.745,39157
TS主连,2023-03-08,100.75,100.765,100.71,100.715,48595
TS主连,2023-03-09,100.715,100.755,100.705,100.745,40245
TS主连,2023-03-10,100.755,100.775,100.735,100.75,29074
TS主连,2023-03-13,100.755,100.76,100.705,100.74,33006
TS主连,2023-03-14,100.75,100.785,100.75,100.77,38101
TS主连,2023-03-15,100.76,100.775,100.73,100.76,32136
TS主连,2023-03-16,100.775,100.845,100.775,100.815,30168
TS主连,2023-03-17,100.8,100.85,100.79,100.825,36313
TS主连,2023-03-20,100.895,100.915,100.86,100.88,47667
TS主连,2023-03-21,100.875,100.895,100.845,100.855,43490
TS主连,2023-03-22,100.85,100.88,100.84,100.875,27110
TS主连,2023-03-23,100.88,100.885,100.855,100.87,35480
TS主连,2023-03-24,100.86,100.875,100.805,100.805,35793
TS主连,2023-03-27,100.825,100.875,100.825,100.865,26984
TS主连,2023-03-28,100.85,100.875,100.845,100.855,23308
TS主连,2023-03-29,100.855,100.88,100.84,100.87,17740
TS主连,2023-03-30,100.89,100.915,100.85,100.86,24517
TS主连,2023-03-31,100.87,100.905,100.855,100.9,29240
TS主连,2023-04-03,100.9,100.9,100.85,100.85,31393
TS主连,2023-04-04,100.86,100.87,100.84,100.855,22249
TS主连,2023-04-06,100.86,100.86,100.81,100.83,26390
TS主连,2023-04-07,100.825,100.905,100.805,100.875,25442
TS主连,2023-04-10,100.87,100.89,100.86,100.88,12438
TS主连,2023-04-11,100.885,100.92,100.885,100.905,23250
TS主连,2023-04-12,100.92,100.935,100.905,100.92,18265
TS主连,2023-04-13,100.92,100.93,100.9,100.91,24300
TS主连,2023-04-14,100.9,100.93,100.89,100.91,30292
TS主连,2023-04-17,100.9,100.9,100.87,100.87,22381
TS主连,2023-04-18,100.865,100.905,100.86,100.895,24329
TS主连,2023-04-19,100.905,100.93,100.9,100.905,17017
TS主连,2023-04-20,100.905,100.92,100.89,100.91,24527
TS主连,2023-04-21,100.91,100.945,100.895,100.94,27529
TS主连,2023-04-24,100.94,100.955,100.93,100.94,23550
TS主连,2023-04-25,100.94,100.955,100.92,100.925,26587
TS主连,2023-04-26,100.935,100.97,100.93,100.955,18988
TS主连,2023-04-27,100.975,101.02,100.975,101.01,24910
TS主连,2023-04-28,101.01,101.015,100.99,101.015,22618
TS主连,2023-05-04,101.04,101.065,101.03,101.045,17166
TS主连,2023-05-05,101.065,101.145,101.065,101.135,22725
TS主连,2023-05-08,101.125,101.125,101.095,101.105,22731
TS主连,2023-05-09,101.11,101.13,101.1,101.11,23697
TS主连,2023-05-10,101.13,101.18,101.125,101.165,30038
TS主连,2023-05-11,101.205,101.23,101.175,101.2,19712
TS主连,2023-05-12,101.185,101.205,101.15,101.175,30129
TS主连,2023-05-15,101.175,101.185,101.105,101.11,25949
TS主连,2023-05-16,101.115,101.125,101.075,101.09,25229
TS主连,2023-05-17,101.095,101.11,101.05,101.06,21101
TS主连,2023-05-18,101.045,101.05,101.015,101.04,28108
TS主连,2023-05-19,101.045,101.09,101.035,101.07,20325
TS主连,2023-05-22,101.07,101.125,101.055,101.105,12797
TS主连,2023-05-23,101.09,101.17,101.08,101.155,21107
TS主连,2023-05-24,101.14,101.16,101.115,101.145,26885
TS主连,2023-05-25,101.14,101.14,101.09,101.1,20466
TS主连,2023-05-26,101.1,101.12,101.065,101.08,21751
TS主连,2023-05-29,101.075,101.16,101.055,101.16,26765
TS主连,2023-05-30,101.19,101.195,101.155,101.165,35733
TS主连,2023-05-31,101.17,101.23,101.155,101.22,30987
TS主连,2023-06-01,101.25,101.27,101.225,101.25,31888
TS主连,2023-06-02,101.24,101.255,101.15,101.175,32000
TS主连,2023-06-05,101.195,101.23,101.185,101.21,31083
TS主连,2023-06-06,101.21,101.28,101.21,101.275,32047
TS主连,2023-06-07,101.29,101.295,101.25,101.26,35894
TS主连,2023-06-08,101.26,101.26,101.21,101.24,27492
TS主连,2023-06-09,101.235,101.315,101.22,101.295,39843
TS主连,2023-06-12,101.3,101.33,101.265,101.28,30721
TS主连,2023-06-13,101.325,101.4,101.325,101.37,43363
TS主连,2023-06-14,101.41,101.42,101.345,101.355,43824
TS主连,2023-06-15,101.335,101.34,101.27,101.3,43800
TS主连,2023-06-16,101.29,101.31,101.19,101.23,32731
TS主连,2023-06-19,101.225,101.23,101.115,101.155,51684
TS主连,2023-06-20,101.17,101.23,101.155,101.21,48636
TS主连,2023-06-21,101.23,101.26,101.22,101.255,39459
TS主连,2023-06-26,101.25,101.27,101.245,101.26,36739
TS主连,2023-06-27,101.245,101.245,101.205,101.245,37616
TS主连,2023-06-28,101.27,101.29,101.25,101.29,38476
TS主连,2023-06-29,101.275,101.325,101.265,101.305,46551
TS主连,2023-06-30,101.33,101.365,101.31,101.36,40259
TS主连,2023-07-03,101.35,101.355,101.31,101.315,33137
TS主连,2023-07-04,101.325,101.355,101.23,101.3,34608
TS主连,2023-07-05,101.305,101.34,101.305,101.33,27283
TS主连,2023-07-06,101.335,101.355,101.325,101.34,28356
TS主连,2023-07-07,101.35,101.37,101.34,101.355,36310
TS主连,2023-07-10,101.335,101.35,101.305,101.34,29138
TS主连,2023-07-11,101.335,101.37,101.32,101.33,34426
TS主连,2023-07-12,101.325,101.33,101.295,101.305,33623
TS主连,2023-07-13,101.3,101.31,101.28,101.285,20019
TS主连,2023-07-14,101.28,101.36,101.265,101.32,43341
TS主连,2023-07-17,101.32,101.38,101.315,101.36,46625
TS主连,2023-07-18,101.385,101.395,101.36,101.38,44319
TS主连,2023-07-19,101.39,101.4,101.365,101.37,16080
TS主连,2023-07-20,101.365,101.41,101.35,101.395,23907
TS主连,2023-07-21,101.42,101.435,101.395,101.4,30051
TS主连,2023-07-24,101.415,101.435,101.405,101.43,15838
TS主连,2023-07-25,101.35,101.36,101.285,101.285,34874
TS主连,2023-07-26,101.285,101.345,101.285,101.34,37077
TS主连,2023-07-27,101.345,101.4,101.34,101.375,24791
TS主连,2023-07-28,101.38,101.38,101.325,101.345,34583
TS主连,2023-07-31,101.32,101.34,101.3,101.33,25338
TS主连,2023-08-01,101.34,101.4,101.34,101.355,38860
TS主连,2023-08-02,101.365,101.385,101.355,101.375,25313
TS主连,2023-08-03,101.38,101.415,101.38,101.405,31370
TS主连,2023-08-04,101.405,101.445,101.375,101.385,41959
TS主连,2023-08-07,101.4,101.41,101.37,101.385,16714
TS主连,2023-08-08,101.385,101.405,101.36,101.375,32617
TS主连,2023-08-09,101.375,101.39,101.37,101.38,11343
TS主连,2023-08-10,101.37,101.385,101.355,101.36,18633
TS主连,2023-08-11,101.37,101.39,101.36,101.38,16985
TS主连,2023-08-14,101.405,101.43,101.4,101.41,21670
TS主连,2023-08-15,101.45,101.565,101.45,101.455,32878
TS主连,2023-08-16,101.475,101.5,101.46,101.475,23519
TS主连,2023-08-17,101.485,101.485,101.445,101.45,30478
TS主连,2023-08-18,101.455,101.475,101.44,101.465,22454
TS主连,2023-08-21,101.475,101.485,101.46,101.475,43903
TS主连,2023-08-22,101.47,101.495,101.445,101.45,24804
TS主连,2023-08-23,101.445,101.475,101.425,101.455,14277
TS主连,2023-08-24,101.4,101.415,101.39,101.405,16802
TS主连,2023-08-25,101.395,101.415,101.33,101.33,21039
TS主连,2023-08-28,101.265,101.325,101.225,101.315,25390
TS主连,2023-08-29,101.315,101.315,101.23,101.25,26854
TS主连,2023-08-30,101.25,101.36,101.24,101.335,33331
TS主连,2023-08-31,101.345,101.375,101.325,101.37,31931
TS主连,2023-09-01,101.355,101.355,101.275,101.28,21026
TS主连,2023-09-04,101.22,101.275,101.215,101.265,33013
TS主连,2023-09-05,101.27,101.3,101.25,101.25,30566
TS主连,2023-09-06,101.245,101.265,101.16,101.16,42366
TS主连,2023-09-07,101.15,101.185,101.095,101.105,41250
TS主连,2023-09-08,101.14,101.18,101.085,101.16,32811
TS主连,2023-09-11,101.15,101.15,101.065,101.135,47961
TS主连,2023-09-12,101.175,101.2,101.15,101.16,36444
TS主连,2023-09-13,101.175,101.23,101.175,101.205,44035
TS主连,2023-09-14,101.21,101.245,101.18,101.23,25551
TS主连,2023-09-15,101.265,101.265,101.175,101.19,41575
TS主连,2023-09-18,101.15,101.16,101.115,101.135,44922
TS主连,2023-09-19,101.135,101.15,101.12,101.145,33129
TS主连,2023-09-20,101.15,101.175,101.135,101.15,24839
TS主连,2023-09-21,101.15,101.21,101.14,101.195,43411
TS主连,2023-09-22,101.205,101.205,101.145,101.15,39464
TS主连,2023-09-25,101.155,101.18,101.11,101.12,30926
TS主连,2023-09-26,101.11,101.135,101.095,101.125,26579
TS主连,2023-09-27,101.135,101.155,101.12,101.135,41378
TS主连,2023-09-28,101.155,101.21,101.145,101.185,37408
TS主连,2023-10-09,101.19,101.205,101.16,101.165,28670
TS主连,2023-10-10,101.155,101.155,101.095,101.11,51202
TS主连,2023-10-11,101.095,101.1,101.005,101.035,43959
TS主连,2023-10-12,101.01,101.085,100.995,101.075,47881
TS主连,2023-10-13,101.085,101.12,101.08,101.105,40940
TS主连,2023-10-16,101.115,101.13,101.065,101.105,41936
TS主连,2023-10-17,101.08,101.08,101.025,101.03,40131
TS主连,2023-10-18,101.02,101.05,100.995,101.0,45819
TS主连,2023-10-19,100.99,100.99,100.89,100.905,51451
TS主连,2023-10-20,100.935,100.98,100.83,100.96,66028
TS主连,2023-10-23,100.99,101.035,100.985,101.03,47550
TS主连,2023-10-24,101.0,101.0,100.925,100.965,45666
TS主连,2023-10-25,101.005,101.11,100.95,101.11,67022
TS主连,2023-10-26,101.105,101.12,101.05,101.055,38047
TS主连,2023-10-27,101.05,101.07,101.025,101.04,38566
TS主连,2023-10-30,101.05,101.1,101.05,101.07,31008
TS主连,2023-10-31,101.085,101.12,101.08,101.1,30263
TS主连,2023-11-01,101.105,101.105,101.025,101.055,46322
TS主连,2023-11-02,101.08,101.13,101.075,101.13,25599
TS主连,2023-11-03,101.12,101.13,101.08,101.105,26618
TS主连,2023-11-06,101.09,101.11,101.075,101.105,38656
TS主连,2023-11-07,101.108,101.112,101.046,101.046,43632
TS主连,2023-11-08,101.04,101.074,101.004,101.052,55229
TS主连,2023-11-09,101.06,101.066,101.006,101.01,41574
TS主连,2023-11-10,101.004,101.034,100.974,101.008,35698
TS主连,2023-11-13,101.01,101.074,101.006,101.056,38079
TS主连,2023-11-14,101.06,101.064,100.966,100.998,32396
TS主连,2023-11-15,100.998,101.008,100.944,100.962,46088
TS主连,2023-11-16,100.972,101.012,100.972,100.99,34510
TS主连,2023-11-17,100.982,100.996,100.968,100.98,33729
TS主连,2023-11-20,100.97,100.974,100.902,100.936,29257
TS主连,2023-11-21,100.92,100.922,100.854,100.864,32557
TS主连,2023-11-22,100.866,100.868,100.828,100.848,25609
TS主连,2023-11-23,100.95,100.956,100.904,100.93,39571
TS主连,2023-11-24,100.936,100.976,100.91,100.912,35040
TS主连,2023-11-27,100.926,100.926,100.852,100.86,36805
TS主连,2023-11-28,100.89,100.948,100.88,100.932,41458
TS主连,2023-11-29,100.93,100.968,100.912,100.958,39994
TS主连,2023-11-30,100.996,101.01,100.948,100.952,38874
TS主连,2023-12-01,100.954,100.992,100.954,100.978,32043
TS主连,2023-12-04,100.972,100.986,100.912,100.926,24457
TS主连,2023-12-05,100.932,100.948,100.904,100.942,31321
TS主连,2023-12-06,100.926,100.944,100.864,100.878,44789
TS主连,2023-12-07,100.89,100.96,100.86,100.942,43941
TS主连,2023-12-08,100.94,100.992,100.94,100.944,38259
TS主连,2023-12-11,100.984,101.03,100.966,100.984,37435
TS主连,2023-12-12,100.976,101.02,100.968,100.984,37660
TS主连,2023-12-13,101.014,101.124,101.012,101.106,40610
TS主连,2023-12-14,101.1,101.19,101.086,101.132,52380
TS主连,2023-12-15,101.14,101.188,101.114,101.158,46956
TS主连,2023-12-18,101.156,101.202,101.15,101.154,39796
TS主连,2023-12-19,101.136,101.172,101.12,101.164,36414
TS主连,2023-12-20,101.156,101.184,101.128,101.144,35019
TS主连,2023-12-21,101.14,101.19,101.092,101.17,49062
TS主连,2023-12-22,101.186,101.238,101.174,101.212,38639
TS主连,2023-12-25,101.212,101.322,101.212,101.32,40067
TS主连,2023-12-26,101.308,101.352,101.284,101.332,37187
TS主连,2023-12-27,101.354,101.394,101.316,101.368,43568
TS主连,2023-12-28,101.386,101.404,101.302,101.314,36647
TS主连,2023-12-29,101.33,101.356,101.3,101.34,28676
TS主连,2024-01-02,101.342,101.352,101.23,101.23,42512
TS主连,2024-01-03,101.21,101.24,101.166,101.224,41938
TS主连,2024-01-04,101.224,101.27,101.206,101.21,33436
TS主连,2024-01-05,101.226,101.288,101.212,101.248,37224
TS主连,2024-01-08,101.25,101.25,101.172,101.198,30790
TS主连,2024-01-09,101.24,101.276,101.214,101.248,35025
TS主连,2024-01-10,101.234,101.246,101.184,101.196,28837
TS主连,2024-01-11,101.188,101.248,101.13,101.234,35030
TS主连,2024-01-12,101.226,101.248,101.2,101.224,37719
TS主连,2024-01-15,101.19,101.226,101.168,101.182,37874
TS主连,2024-01-16,101.18,101.18,101.114,101.132,36612
TS主连,2024-01-17,101.14,101.168,101.114,101.158,32210
TS主连,2024-01-18,101.19,101.206,101.146,101.164,24207
TS主连,2024-01-19,101.17,101.222,101.17,101.216,27435
TS主连,2024-01-22,101.276,101.276,101.18,101.208,31400
TS主连,2024-01-23,101.2,101.23,101.18,101.2,31670
TS主连,2024-01-24,101.192,101.228,101.182,101.22,21919
TS主连,2024-01-25,101.28,101.32,101.266,101.274,42568
TS主连,2024-01-26,101.28,101.308,101.274,101.29,18323
TS主连,2024-01-29,101.286,101.328,101.276,101.326,22501
TS主连,2024-01-30,101.36,101.414,101.36,101.398,23365
TS主连,2024-01-31,101.434,101.446,101.344,101.37,25994
TS主连,2024-02-01,101.368,101.388,101.34,101.348,25436
TS主连,2024-02-02,101.336,101.34,101.308,101.324,17693
TS主连,2024-02-05,101.35,101.372,101.294,101.322,21933
TS主连,2024-02-06,101.294,101.322,101.234,101.268,29533
TS主连,2024-02-07,101.268,101.28,101.218,101.268,19557
TS主连,2024-02-08,101.272,101.328,101.254,101.268,18950
TS主连,2024-02-19,101.25,101.3,101.2,101.29,20026
TS主连,2024-02-20,101.29,101.332,101.28,101.32,23901
TS主连,2024-02-21,101.33,101.344,101.306,101.338,23629
TS主连,2024-02-22,101.338,101.412,101.328,101.398,20346
TS主连,2024-02-23,101.598,101.67,101.55,101.55,35049
TS主连,2024-02-26,101.55,101.584,101.51,101.564,26172
TS主连,2024-02-27,101.58,101.59,101.512,101.53,29474
TS主连,2024-02-28,101.53,101.568,101.52,101.556,30887
TS主连,2024-02-29,101.564,101.598,101.554,101.568,27562
TS主连,2024-03-01,101.56,101.56,101.444,101.466,31748
TS主连,2024-03-04,101.472,101.51,101.464,101.476,31208
TS主连,2024-03-05,101.472,101.508,101.452,101.48,29427
TS主连,2024-03-06,101.504,101.55,101.468,101.51,28747
TS主连,2024-03-07,101.54,101.57,101.446,101.45,30995
TS主连,2024-03-08,101.486,101.498,101.43,101.44,27597
TS主连,2024-03-11,101.432,101.492,101.424,101.452,28736
TS主连,2024-03-12,101.426,101.47,101.374,101.388,38129
TS主连,2024-03-13,101.39,101.44,101.374,101.422,38937
TS主连,2024-03-14,101.418,101.422,101.364,101.394,34025
TS主连,2024-03-15,101.4,101.436,101.378,101.418,32979
TS主连,2024-03-18,101.426,101.488,101.4,101.466,29790
TS主连,2024-03-19,101.468,101.5,101.456,101.484,31083
TS主连,2024-03-20,101.482,101.49,101.452,101.476,33950
TS主连,2024-03-21,101.486,101.54,101.468,101.54,40748
TS主连,2024-03-22,101.536,101.574,101.51,101.512,47950
TS主连,2024-03-25,101.5,101.594,101.498,101.526,38518
TS主连,2024-03-26,101.54,101.568,101.522,101.562,32700
TS主连,2024-03-27,101.572,101.588,101.54,101.576,31474
TS主连,2024-03-28,101.576,101.63,101.564,101.582,34602
TS主连,2024-03-29,101.584,101.668,101.564,101.668,30584
TS主连,2024-04-01,101.646,101.652,101.564,101.582,29555
TS主连,2024-04-02,101.59,101.618,101.59,101.608,41153
TS主连,2024-04-03,101.62,101.656,101.592,101.596,32205
TS主连,2024-04-08,101.61,101.688,101.61,101.65,24916
TS主连,2024-04-09,101.644,101.69,101.644,101.676,22040
TS主连,2024-04-10,101.66,101.694,101.644,101.682,21868
TS主连,2024-04-11,101.684,101.73,101.664,101.67,32949
TS主连,2024-04-12,101.7,101.736,101.688,101.708,33167
TS主连,2024-04-15,101.728,101.73,101.646,101.652,37681
TS主连,2024-04-16,101.648,101.68,101.618,101.666,32804
TS主连,2024-04-17,101.668,101.69,101.634,101.648,26140
TS主连,2024-04-18,101.648,101.732,101.646,101.718,31119
TS主连,2024-04-19,101.73,101.736,101.682,101.704,24181
TS主连,2024-04-22,101.704,101.744,101.698,101.704,26570
TS主连,2024-04-23,101.71,101.75,101.706,101.746,35431
TS主连,2024-04-24,101.716,101.726,101.668,101.674,28013
TS主连,2024-04-25,101.7,101.756,101.682,101.722,30763
TS主连,2024-04-26,101.724,101.748,101.576,101.6,38168
TS主连,2024-04-29,101.484,101.51,101.404,101.468,42868
TS主连,2024-04-30,101.55,101.58,101.518,101.574,34631
TS主连,2024-05-06,101.574,101.638,101.514,101.612,35887
TS主连,2024-05-07,101.632,101.698,101.632,101.674,37708
TS主连,2024-05-08,101.674,101.674,101.64,101.65,26681
TS主连,2024-05-09,101.644,101.676,101.63,101.638,23231
TS主连,2024-05-10,101.644,101.682,101.634,101.64,29115
TS主连,2024-05-13,101.66,101.746,101.652,101.726,29622
TS主连,2024-05-14,101.738,101.772,101.706,101.726,31252
TS主连,2024-05-15,101.762,101.762,101.708,101.726,27480
TS主连,2024-05-16,101.718,101.734,101.692,101.704,27759
TS主连,2024-05-17,101.65,101.718,101.65,101.71,29079
TS主连,2024-05-20,101.726,101.748,101.69,101.738,17506
TS主连,2024-05-21,101.714,101.734,101.68,101.692,31194
TS主连,2024-05-22,101.696,101.756,101.69,101.746,37523
TS主连,2024-05-23,101.754,101.79,101.754,101.778,27619
TS主连,2024-05-24,101.8,101.808,101.712,101.732,29579
TS主连,2024-05-27,101.74,101.75,101.68,101.75,29125
TS主连,2024-05-28,101.738,101.764,101.738,101.76,20514
TS主连,2024-05-29,101.788,101.8,101.764,101.782,18386
TS主连,2024-05-30,101.76,101.792,101.756,101.764,22997
TS主连,2024-05-31,101.75,101.806,101.74,101.758,27358
TS主连,2024-06-03,101.76,101.824,101.76,101.82,29843
TS主连,2024-06-04,101.824,101.828,101.772,101.802,23706
TS主连,2024-06-05,101.804,101.842,101.804,101.832,23152
TS主连,2024-06-06,101.84,101.846,101.814,101.83,25353
TS主连,2024-06-07,101.828,101.85,101.81,101.85,23920
TS主连,2024-06-11,101.846,101.87,101.832,101.862,26734
TS主连,2024-06-12,101.862,101.874,101.824,101.834,25297
TS主连,2024-06-13,101.836,101.85,101.802,101.816,27383
TS主连,2024-06-14,101.81,101.824,101.79,101.82,24594
TS主连,2024-06-17,101.82,101.838,101.77,101.774,30805
TS主连,2024-06-18,101.776,101.832,101.776,101.828,26972
TS主连,2024-06-19,101.83,101.89,101.826,101.89,29545
TS主连,2024-06-20,101.892,101.894,101.862,101.868,21850
TS主连,2024-06-21,101.86,101.87,101.81,101.87,26197
TS主连,2024-06-24,101.86,101.89,101.826,101.89,20547
TS主连,2024-06-25,101.89,101.92,101.89,101.92,25847
TS主连,2024-06-26,101.924,101.938,101.912,101.93,21667
TS主连,2024-06-27,101.926,101.99,101.924,101.954,25743
TS主连,2024-06-28,101.964,101.986,101.95,101.978,29062
TS主连,2024-07-01,101.978,102.008,101.876,101.884,29070
TS主连,2024-07-02,101.896,101.972,101.896,101.956,24444
TS主连,2024-07-03,101.956,101.986,101.948,101.98,21705
TS主连,2024-07-04,101.976,101.99,101.95,101.964,22537
TS主连,2024-07-05,101.95,101.966,101.934,101.942,26168
TS主连,2024-07-08,101.89,101.89,101.818,101.858,37488
TS主连,2024-07-09,101.874,101.93,101.858,101.922,30785
TS主连,2024-07-10,101.918,101.946,101.91,101.938,20514
TS主连,2024-07-11,101.932,101.948,101.924,101.94,13328
TS主连,2024-07-12,101.95,101.984,101.95,101.974,10553
TS主连,2024-07-15,101.978,102.004,101.968,101.984,19156
TS主连,2024-07-16,101.988,102.014,101.97,102.0,13756
TS主连,2024-07-17,102.006,102.034,101.994,102.014,17368
TS主连,2024-07-18,102.012,102.024,101.976,101.996,23213
TS主连,2024-07-19,102.0,102.034,102.0,102.032,17169
TS主连,2024-07-22,102.06,102.148,102.058,102.11,25740
TS主连,2024-07-23,102.14,102.15,102.122,102.148,25693
TS主连,2024-07-24,102.152,102.156,102.132,102.144,20944
TS主连,2024-07-25,102.164,102.184,102.128,102.13,23149
TS主连,2024-07-26,102.144,102.176,102.136,102.162,21280
TS主连,2024-07-29,102.172,102.182,102.152,102.164,16695
TS主连,2024-07-30,102.172,102.184,102.14,102.178,26844
TS主连,2024-07-31,102.19,102.268,102.186,102.204,36568
TS主连,2024-08-01,102.204,102.276,102.192,102.244,37649
TS主连,2024-08-02,102.276,102.292,102.228,102.258,31114
TS主连,2024-08-05,102.284,102.284,102.23,102.282,32276
TS主连,2024-08-06,102.17,102.25,102.11,102.246,40065
TS主连,2024-08-07,102.234,102.268,102.232,102.258,36732
TS主连,2024-08-08,102.23,102.248,102.196,102.232,39830
TS主连,2024-08-09,102.2,102.214,102.172,102.182,28923
TS主连,2024-08-12,102.138,102.138,102.044,102.048,30351
TS主连,2024-08-13,102.06,102.132,102.042,102.106,35284
TS主连,2024-08-14,102.15,102.18,102.102,102.114,40216
TS主连,2024-08-15,102.126,102.144,102.042,102.052,38661
TS主连,2024-08-16,102.07,102.106,102.054,102.08,29085
TS主连,2024-08-19,102.08,102.122,102.058,102.104,29549
TS主连,2024-08-20,102.116,102.116,102.052,102.074,18408
TS主连,2024-08-21,102.07,102.072,101.956,101.972,37215
TS主连,2024-08-22,102.07,102.094,102.036,102.076,40529
TS主连,2024-08-23,102.08,102.164,102.06,102.162,45728
TS主连,2024-08-26,102.162,102.198,102.138,102.174,39925
TS主连,2024-08-27,102.152,102.186,102.124,102.128,42274
TS主连,2024-08-28,102.142,102.186,102.126,102.178,27009
TS主连,2024-08-29,102.174,102.192,102.138,102.148,40450
TS主连,2024-08-30,102.146,102.17,102.118,102.156,38319
TS主连,2024-09-02,102.17,102.268,102.17,102.266,40245
TS主连,2024-09-03,102.264,102.33,102.25,102.298,37443
TS主连,2024-09-04,102.35,102.35,102.26,102.268,41321
TS主连,2024-09-05,102.282,102.328,102.252,102.264,31918
TS主连,2024-09-06,102.288,102.326,102.282,102.31,21278
TS主连,2024-09-09,102.308,102.338,102.304,102.33,26695
TS主连,2024-09-10,102.332,102.418,102.332,102.414,33152
TS主连,2024-09-11,102.436,102.472,102.41,102.46,33080
TS主连,2024-09-12,102.458,102.508,102.392,102.418,43829
TS主连,2024-09-13,102.432,102.482,102.412,102.456,26471
TS主连,2024-09-18,102.5,102.5,102.418,102.444,29232
TS主连,2024-09-19,102.448,102.46,102.338,102.386,39496
TS主连,2024-09-20,102.366,102.428,102.366,102.428,27248
TS主连,2024-09-23,102.43,102.47,102.384,102.388,25556
TS主连,2024-09-24,102.43,102.464,102.32,102.374,38925
TS主连,2024-09-25,102.376,102.512,102.376,102.506,39776
TS主连,2024-09-26,102.518,102.532,102.418,102.434,41791
TS主连,2024-09-27,102.4,102.47,102.166,102.332,52925
TS主连,2024-09-30,102.24,102.328,102.13,102.31,41317
TS主连,2024-10-08,102.188,102.384,102.16,102.208,35945
TS主连,2024-10-09,102.156,102.26,102.146,102.238,31959
TS主连,2024-10-10,102.256,102.344,102.246,102.28,32867
TS主连,2024-10-11,102.35,102.38,102.302,102.326,24799
TS主连,2024-10-14,102.326,102.366,102.308,102.346,38274
TS主连,2024-10-15,102.366,102.372,102.318,102.362,34316
TS主连,2024-10-16,102.332,102.392,102.332,102.346,31739
TS主连,2024-10-17,102.366,102.46,102.346,102.458,34682
TS主连,2024-10-18,102.458,102.488,102.378,102.404,35167
TS主连,2024-10-21,102.38,102.428,102.362,102.398,27509
TS主连,2024-10-22,102.394,102.404,102.314,102.318,25247
TS主连,2024-10-23,102.332,102.336,102.258,102.276,28058
TS主连,2024-10-24,102.32,102.33,102.262,102.282,29881
TS主连,2024-10-25,102.286,102.316,102.278,102.308,32486
TS主连,2024-10-28,102.33,102.38,102.312,102.372,31724
TS主连,2024-10-29,102.386,102.412,102.36,102.41,40526
TS主连,2024-10-30,102.41,102.446,102.4,102.438,32753
TS主连,2024-10-31,102.446,102.468,102.412,102.462,30971
TS主连,2024-11-01,102.452,102.55,102.452,102.516,39701
TS主连,2024-11-04,102.514,102.526,102.464,102.474,31892
TS主连,2024-11-05,102.474,102.51,102.466,102.508,25760
TS主连,2024-11-06,102.5,102.538,102.46,102.476,34075
TS主连,2024-11-07,102.51,102.588,102.504,102.566,31938
TS主连,2024-11-08,102.584,102.646,102.534,102.62,35457
TS主连,2024-11-11,102.61,102.702,102.576,102.674,33479
TS主连,2024-11-12,102.682,102.738,102.634,102.668,39694
TS主连,2024-11-13,102.668,102.668,102.588,102.614,27014
TS主连,2024-11-14,102.62,102.65,102.604,102.642,26587
TS主连,2024-11-15,102.616,102.696,102.588,102.642,34415
TS主连,2024-11-18,102.63,102.678,102.61,102.63,33404
TS主连,2024-11-19,102.652,102.668,102.624,102.658,25965
TS主连,2024-11-20,102.642,102.66,102.602,102.63,23214
TS主连,2024-11-21,102.61,102.654,102.602,102.628,21569
TS主连,2024-11-22,102.614,102.638,102.544,102.572,19700
TS主连,2024-11-25,102.6,102.718,102.592,102.63,46081
TS主连,2024-11-26,102.642,102.652,102.584,102.618,31359
TS主连,2024-11-27,102.604,102.648,102.59,102.628,27018
TS主连,2024-11-28,102.63,102.648,102.602,102.648,22642
TS主连,2024-11-29,102.648,102.696,102.616,102.644,26714
TS主连,2024-12-02,102.684,102.788,102.684,102.76,36507
TS主连,2024-12-03,102.74,102.76,102.678,102.708,32942
TS主连,2024-12-04,102.744,102.776,102.72,102.774,29724
TS主连,2024-12-05,102.746,102.776,102.726,102.752,29947
TS主连,2024-12-06,102.73,102.776,102.716,102.736,24904
TS主连,2024-12-09,102.75,102.764,102.694,102.704,30529
TS主连,2024-12-10,102.77,102.864,102.768,102.832,40175
TS主连,2024-12-11,102.808,102.818,102.782,102.8,33691
TS主连,2024-12-12,102.816,102.878,102.794,102.87,39254
TS主连,2024-12-13,102.91,102.956,102.872,102.876,40895
TS主连,2024-12-16,102.898,102.966,102.898,102.936,38472
TS主连,2024-12-17,102.92,102.94,102.88,102.91,35482
TS主连,2024-12-18,102.934,102.962,102.802,102.908,45205
TS主连,2024-12-19,102.902,102.972,102.888,102.972,42965
TS主连,2024-12-20,102.986,103.078,102.984,103.066,38146
TS主连,2024-12-23,103.096,103.1,103.012,103.016,43042
TS主连,2024-12-24,103.032,103.096,102.99,103.036,46651
TS主连,2024-12-25,103.04,103.068,102.972,102.984,39648
TS主连,2024-12-26,103.004,103.01,102.89,102.916,40460
TS主连,2024-12-27,102.938,103.012,102.932,103.008,37822
TS主连,2024-12-30,102.984,103.008,102.878,102.91,41934
TS主连,2024-12-31,102.946,102.986,102.93,102.974,46132
TS主连,2025-01-02,102.996,103.03,102.972,102.982,36083
TS主连,2025-01-03,103.004,103.148,103.002,103.148,51767
TS主连,2025-01-06,103.132,103.14,103.038,103.092,39689
TS主连,2025-01-07,103.078,103.092,103.006,103.036,32694
TS主连,2025-01-08,103.04,103.048,102.982,103.0,28934
TS主连,2025-01-09,103.0,103.012,102.86,102.86,47028
TS主连,2025-01-10,102.742,102.822,102.676,102.808,40554
TS主连,2025-01-13,102.76,102.78,102.648,102.722,44662
TS主连,2025-01-14,102.74,102.862,102.702,102.842,43109
TS主连,2025-01-15,102.856,102.89,102.8,102.828,35619
TS主连,2025-01-16,102.81,102.856,102.768,102.84,34919
TS主连,2025-01-17,102.878,102.878,102.75,102.768,31979
TS主连,2025-01-20,102.744,102.842,102.74,102.822,35815
TS主连,2025-01-21,102.802,102.852,102.792,102.846,32992
TS主连,2025-01-22,102.832,102.86,102.772,102.804,31827
TS主连,2025-01-23,102.836,102.84,102.72,102.758,26901
TS主连,2025-01-24,102.732,102.746,102.662,102.734,27787
TS主连,2025-01-27,102.78,102.878,102.762,102.832,30177
TS主连,2025-02-05,102.812,102.83,102.778,102.818,28845
TS主连,2025-02-06,102.82,102.876,102.782,102.874,32248
TS主连,2025-02-07,102.874,102.874,102.746,102.746,31539
TS主连,2025-02-10,102.73,102.752,102.632,102.64,35851
TS主连,2025-02-11,102.616,102.686,102.578,102.664,40891
TS主连,2025-02-12,102.64,102.696,102.588,102.598,32519
TS主连,2025-02-13,102.64,102.64,102.568,102.586,29176
TS主连,2025-02-14,102.58,102.588,102.46,102.488,28726
TS主连,2025-02-17,102.45,102.53,102.442,102.452,36588
TS主连,2025-02-18,102.46,102.464,102.352,102.432,28578
TS主连,2025-02-19,102.69,102.732,102.656,102.726,43211
TS主连,2025-02-20,102.696,102.722,102.56,102.584,45333
TS主连,2025-02-21,102.62,102.658,102.512,102.556,55453
TS主连,2025-02-24,102.58,102.67,102.472,102.552,56106
TS主连,2025-02-25,102.598,102.648,102.416,102.584,60037
TS主连,2025-02-26,102.604,102.658,102.534,102.566,48903
TS主连,2025-02-27,102.566,102.606,102.524,102.56,29899
TS主连,2025-02-28,102.56,102.608,102.486,102.6,33671
TS主连,2025-03-03,102.604,102.692,102.566,102.668,45112
TS主连,2025-03-04,102.686,102.704,102.58,102.606,34109
TS主连,2025-03-05,102.64,102.648,102.586,102.634,32607
TS主连,2025-03-06,102.59,102.606,102.524,102.55,34012
TS主连,2025-03-07,102.456,102.5,102.378,102.408,43487
TS主连,2025-03-10,102.314,102.46,102.314,102.428,29094
TS主连,2025-03-11,102.398,102.398,102.238,102.258,31503
TS主连,2025-03-12,102.24,102.396,102.218,102.384,46857
TS主连,2025-03-13,102.37,102.432,102.326,102.326,35384
TS主连,2025-03-14,102.298,102.398,102.246,102.346,45898
TS主连,2025-03-17,102.324,102.376,102.29,102.314,35355
TS主连,2025-03-18,102.34,102.464,102.332,102.384,56676
TS主连,2025-03-19,102.422,102.442,102.324,102.346,41368
TS主连,2025-03-20,102.384,102.436,102.362,102.412,34384
TS主连,2025-03-21,102.412,102.43,102.352,102.356,31023
TS主连,2025-03-24,102.35,102.396,102.31,102.388,32449
TS主连,2025-03-25,102.418,102.438,102.358,102.368,37429
TS主连,2025-03-26,102.354,102.472,102.354,102.462,37430
TS主连,2025-03-27,102.43,102.458,102.408,102.428,28220
TS主连,2025-03-28,102.412,102.48,102.404,102.446,33855
TS主连,2025-03-31,102.436,102.452,102.38,102.39,38526
TS主连,2025-04-01,102.39,102.4,102.336,102.346,29815
TS主连,2025-04-02,102.338,102.398,102.334,102.394,33901
TS主连,2025-04-03,102.466,102.56,102.434,102.532,48662
TS主连,2025-04-07,102.64,102.694,102.598,102.676,49929
TS主连,2025-04-08,102.642,102.66,102.568,102.576,34607
TS主连,2025-04-09,102.6,102.816,102.58,102.682,57082
TS主连,2025-04-10,102.658,102.74,102.626,102.702,43868
TS主连,2025-04-11,102.74,102.762,102.62,102.64,36615
TS主连,2025-04-14,102.638,102.638,102.568,102.59,34486
TS主连,2025-04-15,102.594,102.6,102.516,102.544,26828
TS主连,2025-04-16,102.552,102.588,102.504,102.562,28879
TS主连,2025-04-17,102.57,102.586,102.472,102.49,31161
TS主连,2025-04-18,102.486,102.502,102.422,102.432,35286
TS主连,2025-04-21,102.434,102.434,102.364,102.38,35298
TS主连,2025-04-22,102.39,102.414,102.38,102.402,23837
TS主连,2025-04-23,102.36,102.396,102.312,102.368,41100
TS主连,2025-04-24,102.388,102.41,102.312,102.318,30169
TS主连,2025-04-25,102.33,102.39,102.282,102.284,38942
TS主连,2025-04-28,102.288,102.356,102.28,102.32,33165
TS主连,2025-04-29,102.336,102.374,102.316,102.332,34240
TS主连,2025-04-30,102.312,102.388,102.31,102.366,32297
TS主连,2025-05-06,102.356,102.392,102.306,102.308,28361
TS主连,2025-05-07,102.35,102.37,102.302,102.308,40388
TS主连,2025-05-08,102.338,102.386,102.322,102.362,35940
TS主连,2025-05-09,102.4,102.418,102.338,102.346,36672
TS主连,2025-05-12,102.312,102.382,102.232,102.276,48586
TS主连,2025-05-13,102.29,102.36,102.29,102.346,37858
TS主连,2025-05-14,102.518,102.518,102.412,102.42,28834
TS主连,2025-05-15,102.41,102.438,102.372,102.404,33587
TS主连,2025-05-16,102.384,102.388,102.342,102.382,48166
TS主连,2025-05-19,102.38,102.414,102.336,102.384,48335
